
/workspace/onerom-1801re2/firmware/build-200/mpi_rom.elf:     file format elf32-littlearm

Sections:
Idx Name          Size      VMA       LMA       File off  Algn
  0 .text         000021e8  10000000  10000000  00001000  2**3
                  CONTENTS, ALLOC, LOAD, READONLY, CODE
  1 .rodata       000081b8  100021e8  100021e8  000031e8  2**2
                  CONTENTS, ALLOC, LOAD, READONLY, DATA
  2 .ARM.exidx    00000008  1000a3a0  1000a3a0  0000b3a0  2**2
                  CONTENTS, ALLOC, LOAD, READONLY, DATA
  3 .binary_info  0000001c  1000a3a8  1000a3a8  0000b3a8  2**2
                  CONTENTS, ALLOC, LOAD, READONLY, DATA
  4 .ram_vector_table 00000110  20000000  20000000  0000d000  2**2
                  ALLOC
  5 .uninitialized_data 00000000  20000110  20000110  0000c624  2**0
                  CONTENTS
  6 .data         0000024c  20000110  1000a3c4  0000c110  2**3
                  CONTENTS, ALLOC, LOAD, READONLY, CODE
  7 .tdata        00000000  2000035c  2000035c  0000c624  2**0
                  CONTENTS, ALLOC, LOAD, DATA, THREAD_LOCAL
  8 .tbss         00000000  2000035c  2000035c  00000000  2**0
                  ALLOC, THREAD_LOCAL
  9 .bss          00020a00  20000360  1000a610  0000d360  2**3
                  ALLOC
 10 .heap         00000800  20020d60  20020d60  0000c624  2**2
                  CONTENTS, READONLY
 11 .scratch_x    00000000  20080000  20080000  0000ce24  2**0
                  CONTENTS
 12 .scratch_y    00000000  20081000  20081000  0000ce24  2**0
                  CONTENTS
 13 .stack1_dummy 00000800  20080000  20080000  0000d000  2**2
                  ALLOC
 14 .stack_dummy  00000800  20081000  20081000  0000ce40  2**5
                  CONTENTS, READONLY
 15 .flash_end    00000014  1000a610  1000a610  0000c610  2**2
                  CONTENTS, ALLOC, LOAD, READONLY, DATA
 16 .ARM.attributes 00000034  00000000  00000000  0000d640  2**0
                  CONTENTS, READONLY
 17 .comment      00000026  00000000  00000000  0000d674  2**0
                  CONTENTS, READONLY
 18 .debug_info   00025bad  00000000  00000000  0000d69a  2**0
                  CONTENTS, READONLY, DEBUGGING, OCTETS
 19 .debug_abbrev 0000683e  00000000  00000000  00033247  2**0
                  CONTENTS, READONLY, DEBUGGING, OCTETS
 20 .debug_loclists 00012920  00000000  00000000  00039a85  2**0
                  CONTENTS, READONLY, DEBUGGING, OCTETS
 21 .debug_aranges 00000d20  00000000  00000000  0004c3a8  2**3
                  CONTENTS, READONLY, DEBUGGING, OCTETS
 22 .debug_rnglists 0000386f  00000000  00000000  0004d0c8  2**0
                  CONTENTS, READONLY, DEBUGGING, OCTETS
 23 .debug_line   0001692d  00000000  00000000  00050937  2**0
                  CONTENTS, READONLY, DEBUGGING, OCTETS
 24 .debug_str    00006636  00000000  00000000  00067264  2**0
                  CONTENTS, READONLY, DEBUGGING, OCTETS
 25 .debug_frame  00002400  00000000  00000000  0006d89c  2**2
                  CONTENTS, READONLY, DEBUGGING, OCTETS
 26 .debug_line_str 000000fb  00000000  00000000  0006fc9c  2**0
                  CONTENTS, READONLY, DEBUGGING, OCTETS

/workspace/onerom-1801re2/firmware/build-200/mpi_rom.elf:     file format elf32-littlearm


Disassembly of section .text:

10000000 <__VECTOR_TABLE>:
10000000:	20082000 	.word	0x20082000
10000004:	1000015d 	.word	0x1000015d
10000008:	10000113 	.word	0x10000113
1000000c:	10000115 	.word	0x10000115
10000010:	10000111 	.word	0x10000111
10000014:	10000111 	.word	0x10000111
10000018:	10000111 	.word	0x10000111
1000001c:	10000111 	.word	0x10000111
10000020:	10000111 	.word	0x10000111
10000024:	10000111 	.word	0x10000111
10000028:	10000111 	.word	0x10000111
1000002c:	10000117 	.word	0x10000117
10000030:	10000111 	.word	0x10000111
10000034:	10000111 	.word	0x10000111
10000038:	10000119 	.word	0x10000119
1000003c:	1000011b 	.word	0x1000011b
10000040:	1000011d 	.word	0x1000011d
10000044:	1000011d 	.word	0x1000011d
10000048:	1000011d 	.word	0x1000011d
1000004c:	1000011d 	.word	0x1000011d
10000050:	1000011d 	.word	0x1000011d
10000054:	1000011d 	.word	0x1000011d
10000058:	1000011d 	.word	0x1000011d
1000005c:	1000011d 	.word	0x1000011d
10000060:	1000011d 	.word	0x1000011d
10000064:	1000011d 	.word	0x1000011d
10000068:	1000011d 	.word	0x1000011d
1000006c:	1000011d 	.word	0x1000011d
10000070:	1000011d 	.word	0x1000011d
10000074:	1000011d 	.word	0x1000011d
10000078:	1000011d 	.word	0x1000011d
1000007c:	1000011d 	.word	0x1000011d
10000080:	1000011d 	.word	0x1000011d
10000084:	1000011d 	.word	0x1000011d
10000088:	1000011d 	.word	0x1000011d
1000008c:	1000011d 	.word	0x1000011d
10000090:	1000011d 	.word	0x1000011d
10000094:	1000011d 	.word	0x1000011d
10000098:	1000011d 	.word	0x1000011d
1000009c:	1000011d 	.word	0x1000011d
100000a0:	1000011d 	.word	0x1000011d
100000a4:	1000011d 	.word	0x1000011d
100000a8:	1000011d 	.word	0x1000011d
100000ac:	1000011d 	.word	0x1000011d
100000b0:	1000011d 	.word	0x1000011d
100000b4:	1000011d 	.word	0x1000011d
100000b8:	1000011d 	.word	0x1000011d
100000bc:	1000011d 	.word	0x1000011d
100000c0:	1000011d 	.word	0x1000011d
100000c4:	1000011d 	.word	0x1000011d
100000c8:	1000011d 	.word	0x1000011d
100000cc:	1000011d 	.word	0x1000011d
100000d0:	1000011d 	.word	0x1000011d
100000d4:	1000011d 	.word	0x1000011d
100000d8:	1000011d 	.word	0x1000011d
100000dc:	1000011d 	.word	0x1000011d
100000e0:	1000011d 	.word	0x1000011d
100000e4:	1000011d 	.word	0x1000011d
100000e8:	1000011d 	.word	0x1000011d
100000ec:	1000011d 	.word	0x1000011d
100000f0:	1000011d 	.word	0x1000011d
100000f4:	1000011d 	.word	0x1000011d
100000f8:	1000011d 	.word	0x1000011d
100000fc:	1000011d 	.word	0x1000011d
10000100:	1000011d 	.word	0x1000011d
10000104:	1000011d 	.word	0x1000011d
10000108:	1000011d 	.word	0x1000011d
1000010c:	1000011d 	.word	0x1000011d

10000110 <isr_invalid>:
10000110:	be00      	bkpt	0x0000

10000112 <isr_nmi>:
10000112:	be00      	bkpt	0x0000

10000114 <isr_hardfault>:
10000114:	be00      	bkpt	0x0000

10000116 <isr_svcall>:
10000116:	be00      	bkpt	0x0000

10000118 <isr_pendsv>:
10000118:	be00      	bkpt	0x0000

1000011a <isr_systick>:
1000011a:	be00      	bkpt	0x0000

1000011c <__unhandled_user_irq>:
1000011c:	f3ef 8005 	mrs	r0, IPSR
10000120:	3810      	subs	r0, #16

10000122 <unhandled_user_irq_num_in_r0>:
10000122:	be00      	bkpt	0x0000

10000124 <binary_info_header>:
10000124:	7188ebf2 	.word	0x7188ebf2
10000128:	1000a3a8 	.word	0x1000a3a8
1000012c:	1000a3c4 	.word	0x1000a3c4
10000130:	100001a8 	.word	0x100001a8
10000134:	e71aa390 	.word	0xe71aa390

10000138 <__binary_info_header_end>:
10000138:	ffffded3 	.word	0xffffded3
1000013c:	10210142 	.word	0x10210142
10000140:	000001ff 	.word	0x000001ff
10000144:	0000a4d8 	.word	0x0000a4d8
10000148:	ab123579 	.word	0xab123579

1000014c <_entry_point>:
1000014c:	f04f 0000 	mov.w	r0, #0

10000150 <_enter_vtable_in_r0>:
10000150:	4920      	ldr	r1, [pc, #128]	@ (100001d4 <data_cpy_table+0x2c>)
10000152:	6008      	str	r0, [r1, #0]
10000154:	c806      	ldmia	r0!, {r1, r2}
10000156:	f381 8808 	msr	MSP, r1
1000015a:	4710      	bx	r2

1000015c <_reset_handler>:
1000015c:	f04f 4050 	mov.w	r0, #3489660928	@ 0xd0000000
10000160:	6800      	ldr	r0, [r0, #0]
10000162:	b110      	cbz	r0, 1000016a <hold_non_core0_in_bootrom+0x6>

10000164 <hold_non_core0_in_bootrom>:
10000164:	f04f 0000 	mov.w	r0, #0
10000168:	e7f2      	b.n	10000150 <_enter_vtable_in_r0>
1000016a:	a40f      	add	r4, pc, #60	@ (adr r4, 100001a8 <data_cpy_table>)
1000016c:	cc0e      	ldmia	r4!, {r1, r2, r3}
1000016e:	2900      	cmp	r1, #0
10000170:	d002      	beq.n	10000178 <hold_non_core0_in_bootrom+0x14>
10000172:	f000 f815 	bl	100001a0 <data_cpy>
10000176:	e7f9      	b.n	1000016c <hold_non_core0_in_bootrom+0x8>
10000178:	4917      	ldr	r1, [pc, #92]	@ (100001d8 <data_cpy_table+0x30>)
1000017a:	4a18      	ldr	r2, [pc, #96]	@ (100001dc <data_cpy_table+0x34>)
1000017c:	2000      	movs	r0, #0
1000017e:	e000      	b.n	10000182 <bss_fill_test>

10000180 <bss_fill_loop>:
10000180:	c101      	stmia	r1!, {r0}

10000182 <bss_fill_test>:
10000182:	4291      	cmp	r1, r2
10000184:	d1fc      	bne.n	10000180 <bss_fill_loop>

10000186 <platform_entry>:
10000186:	2000      	movs	r0, #0
10000188:	f380 880a 	msr	MSPLIM, r0
1000018c:	4914      	ldr	r1, [pc, #80]	@ (100001e0 <data_cpy_table+0x38>)
1000018e:	4788      	blx	r1
10000190:	4914      	ldr	r1, [pc, #80]	@ (100001e4 <data_cpy_table+0x3c>)
10000192:	4788      	blx	r1
10000194:	4914      	ldr	r1, [pc, #80]	@ (100001e8 <data_cpy_table+0x40>)
10000196:	4788      	blx	r1
10000198:	be00      	bkpt	0x0000
1000019a:	e7fd      	b.n	10000198 <platform_entry+0x12>

1000019c <data_cpy_loop>:
1000019c:	c901      	ldmia	r1!, {r0}
1000019e:	c201      	stmia	r2!, {r0}

100001a0 <data_cpy>:
100001a0:	429a      	cmp	r2, r3
100001a2:	d3fb      	bcc.n	1000019c <data_cpy_loop>
100001a4:	4770      	bx	lr
100001a6:	bf00      	nop

100001a8 <data_cpy_table>:
100001a8:	1000a3c4 	.word	0x1000a3c4
100001ac:	20000110 	.word	0x20000110
100001b0:	2000035c 	.word	0x2000035c
100001b4:	1000a610 	.word	0x1000a610
100001b8:	20080000 	.word	0x20080000
100001bc:	20080000 	.word	0x20080000
100001c0:	1000a610 	.word	0x1000a610
100001c4:	20081000 	.word	0x20081000
100001c8:	20081000 	.word	0x20081000
100001cc:	00000000 	.word	0x00000000
100001d0:	4770      	bx	lr
100001d2:	0000      	.short	0x0000
100001d4:	e000ed08 	.word	0xe000ed08
100001d8:	2000035c 	.word	0x2000035c
100001dc:	20020d60 	.word	0x20020d60
100001e0:	1000197d 	.word	0x1000197d
100001e4:	10000281 	.word	0x10000281
100001e8:	10001975 	.word	0x10001975

100001ec <_init>:
100001ec:	b5f8      	push	{r3, r4, r5, r6, r7, lr}
100001ee:	bf00      	nop

100001f0 <deregister_tm_clones>:
100001f0:	4803      	ldr	r0, [pc, #12]	@ (10000200 <deregister_tm_clones+0x10>)
100001f2:	4b04      	ldr	r3, [pc, #16]	@ (10000204 <deregister_tm_clones+0x14>)
100001f4:	4283      	cmp	r3, r0
100001f6:	d002      	beq.n	100001fe <deregister_tm_clones+0xe>
100001f8:	4b03      	ldr	r3, [pc, #12]	@ (10000208 <deregister_tm_clones+0x18>)
100001fa:	b103      	cbz	r3, 100001fe <deregister_tm_clones+0xe>
100001fc:	4718      	bx	r3
100001fe:	4770      	bx	lr
10000200:	2000035c 	.word	0x2000035c
10000204:	2000035c 	.word	0x2000035c
10000208:	00000000 	.word	0x00000000

1000020c <register_tm_clones>:
1000020c:	4b06      	ldr	r3, [pc, #24]	@ (10000228 <register_tm_clones+0x1c>)
1000020e:	4907      	ldr	r1, [pc, #28]	@ (1000022c <register_tm_clones+0x20>)
10000210:	1ac9      	subs	r1, r1, r3
10000212:	1089      	asrs	r1, r1, #2
10000214:	bf48      	it	mi
10000216:	3101      	addmi	r1, #1
10000218:	1049      	asrs	r1, r1, #1
1000021a:	d003      	beq.n	10000224 <register_tm_clones+0x18>
1000021c:	4b04      	ldr	r3, [pc, #16]	@ (10000230 <register_tm_clones+0x24>)
1000021e:	b10b      	cbz	r3, 10000224 <register_tm_clones+0x18>
10000220:	4801      	ldr	r0, [pc, #4]	@ (10000228 <register_tm_clones+0x1c>)
10000222:	4718      	bx	r3
10000224:	4770      	bx	lr
10000226:	bf00      	nop
10000228:	2000035c 	.word	0x2000035c
1000022c:	2000035c 	.word	0x2000035c
10000230:	00000000 	.word	0x00000000

10000234 <__do_global_dtors_aux>:
10000234:	b510      	push	{r4, lr}
10000236:	4c06      	ldr	r4, [pc, #24]	@ (10000250 <__do_global_dtors_aux+0x1c>)
10000238:	7823      	ldrb	r3, [r4, #0]
1000023a:	b943      	cbnz	r3, 1000024e <__do_global_dtors_aux+0x1a>
1000023c:	f7ff ffd8 	bl	100001f0 <deregister_tm_clones>
10000240:	4b04      	ldr	r3, [pc, #16]	@ (10000254 <__do_global_dtors_aux+0x20>)
10000242:	b113      	cbz	r3, 1000024a <__do_global_dtors_aux+0x16>
10000244:	4804      	ldr	r0, [pc, #16]	@ (10000258 <__do_global_dtors_aux+0x24>)
10000246:	f3af 8000 	nop.w
1000024a:	2301      	movs	r3, #1
1000024c:	7023      	strb	r3, [r4, #0]
1000024e:	bd10      	pop	{r4, pc}
10000250:	200004e0 	.word	0x200004e0
10000254:	00000000 	.word	0x00000000
10000258:	100021e8 	.word	0x100021e8

1000025c <frame_dummy>:
1000025c:	b508      	push	{r3, lr}
1000025e:	4b04      	ldr	r3, [pc, #16]	@ (10000270 <frame_dummy+0x14>)
10000260:	b11b      	cbz	r3, 1000026a <frame_dummy+0xe>
10000262:	4904      	ldr	r1, [pc, #16]	@ (10000274 <frame_dummy+0x18>)
10000264:	4804      	ldr	r0, [pc, #16]	@ (10000278 <frame_dummy+0x1c>)
10000266:	f3af 8000 	nop.w
1000026a:	e8bd 4008 	ldmia.w	sp!, {r3, lr}
1000026e:	e7cd      	b.n	1000020c <register_tm_clones>
10000270:	00000000 	.word	0x00000000
10000274:	200004e4 	.word	0x200004e4
10000278:	100021e8 	.word	0x100021e8
1000027c:	00000000 	.word	0x00000000

10000280 <main>:
10000280:	e92d 4ff0 	stmdb	sp!, {r4, r5, r6, r7, r8, r9, sl, fp, lr}
10000284:	ed2d 8b02 	vpush	{d8}
10000288:	2019      	movs	r0, #25
1000028a:	b08d      	sub	sp, #52	@ 0x34
1000028c:	f000 fa64 	bl	10000758 <gpio_init>
10000290:	2419      	movs	r4, #25
10000292:	f04f 0300 	mov.w	r3, #0
10000296:	ec43 4044 	gpioc_bit_oe_put r4, r3
1000029a:	f04f 4650 	mov.w	r6, #3489660928	@ 0xd0000000
1000029e:	2201      	movs	r2, #1
100002a0:	4620      	mov	r0, r4
100002a2:	2100      	movs	r1, #0
100002a4:	f000 fa24 	bl	100006f0 <gpio_set_pulls>
100002a8:	2032      	movs	r0, #50	@ 0x32
100002aa:	2100      	movs	r1, #0
100002ac:	f000 ff4a 	bl	10001144 <busy_wait_us>
100002b0:	2200      	movs	r2, #0
100002b2:	4620      	mov	r0, r4
100002b4:	2101      	movs	r1, #1
100002b6:	6875      	ldr	r5, [r6, #4]
100002b8:	f000 fa1a 	bl	100006f0 <gpio_set_pulls>
100002bc:	2032      	movs	r0, #50	@ 0x32
100002be:	2100      	movs	r1, #0
100002c0:	f000 ff40 	bl	10001144 <busy_wait_us>
100002c4:	2200      	movs	r2, #0
100002c6:	4620      	mov	r0, r4
100002c8:	6874      	ldr	r4, [r6, #4]
100002ca:	4611      	mov	r1, r2
100002cc:	f3c5 6540 	ubfx	r5, r5, #25, #1
100002d0:	f3c4 6440 	ubfx	r4, r4, #25, #1
100002d4:	f000 fa0c 	bl	100006f0 <gpio_set_pulls>
100002d8:	42a5      	cmp	r5, r4
100002da:	d103      	bne.n	100002e4 <main+0x64>
100002dc:	2100      	movs	r1, #0
100002de:	4608      	mov	r0, r1
100002e0:	f001 f9ea 	bl	100016b8 <rom_reset_usb_boot>
100002e4:	ae08      	add	r6, sp, #32
100002e6:	ad04      	add	r5, sp, #16
100002e8:	4633      	mov	r3, r6
100002ea:	462a      	mov	r2, r5
100002ec:	487a      	ldr	r0, [pc, #488]	@ (100004d8 <main+0x258>)
100002ee:	a903      	add	r1, sp, #12
100002f0:	f001 f89c 	bl	1000142c <check_sys_clock_khz>
100002f4:	4680      	mov	r8, r0
100002f6:	b918      	cbnz	r0, 10000300 <main+0x80>
100002f8:	4977      	ldr	r1, [pc, #476]	@ (100004d8 <main+0x258>)
100002fa:	4878      	ldr	r0, [pc, #480]	@ (100004dc <main+0x25c>)
100002fc:	f000 fa50 	bl	100007a0 <panic>
10000300:	4f77      	ldr	r7, [pc, #476]	@ (100004e0 <main+0x260>)
10000302:	e9dd 0103 	ldrd	r0, r1, [sp, #12]
10000306:	9a08      	ldr	r2, [sp, #32]
10000308:	f000 ffce 	bl	100012a8 <set_sys_clock_pll>
1000030c:	4639      	mov	r1, r7
1000030e:	4875      	ldr	r0, [pc, #468]	@ (100004e4 <main+0x264>)
10000310:	f000 f906 	bl	10000520 <mpi_direction_masks>
10000314:	683b      	ldr	r3, [r7, #0]
10000316:	f413 7f40 	tst.w	r3, #768	@ 0x300
1000031a:	f040 80d5 	bne.w	100004c8 <main+0x248>
1000031e:	4b72      	ldr	r3, [pc, #456]	@ (100004e8 <main+0x268>)
10000320:	4972      	ldr	r1, [pc, #456]	@ (100004ec <main+0x26c>)
10000322:	681a      	ldr	r2, [r3, #0]
10000324:	2308      	movs	r3, #8
10000326:	4872      	ldr	r0, [pc, #456]	@ (100004f0 <main+0x270>)
10000328:	9300      	str	r3, [sp, #0]
1000032a:	4b72      	ldr	r3, [pc, #456]	@ (100004f4 <main+0x274>)
1000032c:	f000 f902 	bl	10000534 <mpi_decode_init>
10000330:	2400      	movs	r4, #0
10000332:	f1a4 0308 	sub.w	r3, r4, #8
10000336:	2b01      	cmp	r3, #1
10000338:	f240 80c4 	bls.w	100004c4 <main+0x244>
1000033c:	4620      	mov	r0, r4
1000033e:	2106      	movs	r1, #6
10000340:	f000 f9b8 	bl	100006b4 <gpio_set_function>
10000344:	4620      	mov	r0, r4
10000346:	2101      	movs	r1, #1
10000348:	f000 f9f6 	bl	10000738 <gpio_set_input_enabled>
1000034c:	4620      	mov	r0, r4
1000034e:	2102      	movs	r1, #2
10000350:	3401      	adds	r4, #1
10000352:	f000 f9e1 	bl	10000718 <gpio_set_drive_strength>
10000356:	2c18      	cmp	r4, #24
10000358:	d1eb      	bne.n	10000332 <main+0xb2>
1000035a:	2201      	movs	r2, #1
1000035c:	2100      	movs	r1, #0
1000035e:	200c      	movs	r0, #12
10000360:	f000 f9c6 	bl	100006f0 <gpio_set_pulls>
10000364:	2201      	movs	r2, #1
10000366:	2100      	movs	r1, #0
10000368:	200e      	movs	r0, #14
1000036a:	f000 f9c1 	bl	100006f0 <gpio_set_pulls>
1000036e:	2201      	movs	r2, #1
10000370:	2100      	movs	r1, #0
10000372:	200f      	movs	r0, #15
10000374:	f000 f9bc 	bl	100006f0 <gpio_set_pulls>
10000378:	683b      	ldr	r3, [r7, #0]
1000037a:	2200      	movs	r2, #0
1000037c:	2101      	movs	r1, #1
1000037e:	485e      	ldr	r0, [pc, #376]	@ (100004f8 <main+0x278>)
10000380:	f001 fd2e 	bl	10001de0 <pio_sm_set_pindirs_with_mask>
10000384:	495d      	ldr	r1, [pc, #372]	@ (100004fc <main+0x27c>)
10000386:	485c      	ldr	r0, [pc, #368]	@ (100004f8 <main+0x278>)
10000388:	f001 fcae 	bl	10001ce8 <pio_add_program>
1000038c:	ed9f 8b50 	vldr	d8, [pc, #320]	@ 100004d0 <main+0x250>
10000390:	2400      	movs	r4, #0
10000392:	f44f 2a40 	mov.w	sl, #786432	@ 0xc0000
10000396:	f8df b178 	ldr.w	fp, [pc, #376]	@ 10000510 <main+0x290>
1000039a:	4959      	ldr	r1, [pc, #356]	@ (10000500 <main+0x280>)
1000039c:	f8cb 0000 	str.w	r0, [fp]
100003a0:	4855      	ldr	r0, [pc, #340]	@ (100004f8 <main+0x278>)
100003a2:	f001 fca1 	bl	10001ce8 <pio_add_program>
100003a6:	ed8d 8b04 	vstr	d8, [sp, #16]
100003aa:	e9cd a406 	strd	sl, r4, [sp, #24]
100003ae:	f8db c000 	ldr.w	ip, [fp]
100003b2:	f8df 9160 	ldr.w	r9, [pc, #352]	@ 10000514 <main+0x294>
100003b6:	f10c 0302 	add.w	r3, ip, #2
100003ba:	ea4f 1ecc 	mov.w	lr, ip, lsl #7
100003be:	ea4e 3e03 	orr.w	lr, lr, r3, lsl #12
100003c2:	f8c9 0000 	str.w	r0, [r9]
100003c6:	e895 000f 	ldmia.w	r5, {r0, r1, r2, r3}
100003ca:	e886 000f 	stmia.w	r6, {r0, r1, r2, r3}
100003ce:	f8df b148 	ldr.w	fp, [pc, #328]	@ 10000518 <main+0x298>
100003d2:	f8cd e024 	str.w	lr, [sp, #36]	@ 0x24
100003d6:	e896 000f 	ldmia.w	r6, {r0, r1, r2, r3}
100003da:	e885 000f 	stmia.w	r5, {r0, r1, r2, r3}
100003de:	4662      	mov	r2, ip
100003e0:	4621      	mov	r1, r4
100003e2:	462b      	mov	r3, r5
100003e4:	4844      	ldr	r0, [pc, #272]	@ (100004f8 <main+0x278>)
100003e6:	f8cd b018 	str.w	fp, [sp, #24]
100003ea:	f001 fd2f 	bl	10001e4c <pio_sm_init>
100003ee:	ed8d 8b04 	vstr	d8, [sp, #16]
100003f2:	f04f 7bc0 	mov.w	fp, #25165824	@ 0x1800000
100003f6:	f8d9 c000 	ldr.w	ip, [r9]
100003fa:	e9cd a406 	strd	sl, r4, [sp, #24]
100003fe:	f10c 030d 	add.w	r3, ip, #13
10000402:	ea4f 1ecc 	mov.w	lr, ip, lsl #7
10000406:	ea4e 3e03 	orr.w	lr, lr, r3, lsl #12
1000040a:	4b36      	ldr	r3, [pc, #216]	@ (100004e4 <main+0x264>)
1000040c:	683c      	ldr	r4, [r7, #0]
1000040e:	681f      	ldr	r7, [r3, #0]
10000410:	e895 000f 	ldmia.w	r5, {r0, r1, r2, r3}
10000414:	e886 000f 	stmia.w	r6, {r0, r1, r2, r3}
10000418:	f8df a100 	ldr.w	sl, [pc, #256]	@ 1000051c <main+0x29c>
1000041c:	f8cd e024 	str.w	lr, [sp, #36]	@ 0x24
10000420:	e896 000f 	ldmia.w	r6, {r0, r1, r2, r3}
10000424:	e885 000f 	stmia.w	r5, {r0, r1, r2, r3}
10000428:	2101      	movs	r1, #1
1000042a:	462b      	mov	r3, r5
1000042c:	4662      	mov	r2, ip
1000042e:	4832      	ldr	r0, [pc, #200]	@ (100004f8 <main+0x278>)
10000430:	e9cd ab06 	strd	sl, fp, [sp, #24]
10000434:	f001 fd0a 	bl	10001e4c <pio_sm_init>
10000438:	492f      	ldr	r1, [pc, #188]	@ (100004f8 <main+0x278>)
1000043a:	684b      	ldr	r3, [r1, #4]
1000043c:	039b      	lsls	r3, r3, #14
1000043e:	d4fc      	bmi.n	1000043a <main+0x1ba>
10000440:	f248 0080 	movw	r0, #32896	@ 0x8080
10000444:	f24a 0327 	movw	r3, #40999	@ 0xa027
10000448:	4a2b      	ldr	r2, [pc, #172]	@ (100004f8 <main+0x278>)
1000044a:	614f      	str	r7, [r1, #20]
1000044c:	f8c1 00f0 	str.w	r0, [r1, #240]	@ 0xf0
10000450:	f8c1 30f0 	str.w	r3, [r1, #240]	@ 0xf0
10000454:	6853      	ldr	r3, [r2, #4]
10000456:	f413 3300 	ands.w	r3, r3, #131072	@ 0x20000
1000045a:	d1fb      	bne.n	10000454 <main+0x1d4>
1000045c:	f248 0180 	movw	r1, #32896	@ 0x8080
10000460:	469b      	mov	fp, r3
10000462:	f24a 0347 	movw	r3, #41031	@ 0xa047
10000466:	6154      	str	r4, [r2, #20]
10000468:	f8c2 10f0 	str.w	r1, [r2, #240]	@ 0xf0
1000046c:	f8c2 30f0 	str.w	r3, [r2, #240]	@ 0xf0
10000470:	6813      	ldr	r3, [r2, #0]
10000472:	201d      	movs	r0, #29
10000474:	f043 0303 	orr.w	r3, r3, #3
10000478:	6013      	str	r3, [r2, #0]
1000047a:	f000 f96d 	bl	10000758 <gpio_init>
1000047e:	251d      	movs	r5, #29
10000480:	f04f 0301 	mov.w	r3, #1
10000484:	ec43 5044 	gpioc_bit_oe_put r5, r3
10000488:	481e      	ldr	r0, [pc, #120]	@ (10000504 <main+0x284>)
1000048a:	f001 fc09 	bl	10001ca0 <multicore_launch_core1>
1000048e:	4f1e      	ldr	r7, [pc, #120]	@ (10000508 <main+0x288>)
10000490:	465a      	mov	r2, fp
10000492:	465b      	mov	r3, fp
10000494:	4e1d      	ldr	r6, [pc, #116]	@ (1000050c <main+0x28c>)
10000496:	e00a      	b.n	100004ae <main+0x22e>
10000498:	4552      	cmp	r2, sl
1000049a:	bf08      	it	eq
1000049c:	2300      	moveq	r3, #0
1000049e:	ec43 5040 	gpioc_bit_out_put r5, r3
100004a2:	2064      	movs	r0, #100	@ 0x64
100004a4:	f000 fdb6 	bl	10001014 <sleep_ms>
100004a8:	46cb      	mov	fp, r9
100004aa:	4623      	mov	r3, r4
100004ac:	4652      	mov	r2, sl
100004ae:	f8d7 9000 	ldr.w	r9, [r7]
100004b2:	f083 0401 	eor.w	r4, r3, #1
100004b6:	45cb      	cmp	fp, r9
100004b8:	f8d6 a000 	ldr.w	sl, [r6]
100004bc:	b2e4      	uxtb	r4, r4
100004be:	d1eb      	bne.n	10000498 <main+0x218>
100004c0:	4643      	mov	r3, r8
100004c2:	e7ec      	b.n	1000049e <main+0x21e>
100004c4:	3401      	adds	r4, #1
100004c6:	e734      	b.n	10000332 <main+0xb2>
100004c8:	f001 f936 	bl	10001738 <hard_assertion_failure>
100004cc:	e727      	b.n	1000031e <main+0x9e>
100004ce:	bf00      	nop
100004d0:	00010000 	.word	0x00010000
100004d4:	0001f000 	.word	0x0001f000
100004d8:	00030d40 	.word	0x00030d40
100004dc:	100021e8 	.word	0x100021e8
100004e0:	20000d24 	.word	0x20000d24
100004e4:	20000d20 	.word	0x20000d20
100004e8:	10002314 	.word	0x10002314
100004ec:	10002318 	.word	0x10002318
100004f0:	200006f0 	.word	0x200006f0
100004f4:	20000d38 	.word	0x20000d38
100004f8:	50200000 	.word	0x50200000
100004fc:	100022f4 	.word	0x100022f4
10000500:	100022d0 	.word	0x100022d0
10000504:	20000111 	.word	0x20000111
10000508:	20000d34 	.word	0x20000d34
1000050c:	20000d28 	.word	0x20000d28
10000510:	20000d2c 	.word	0x20000d2c
10000514:	20000d30 	.word	0x20000d30
10000518:	81890000 	.word	0x81890000
1000051c:	01890000 	.word	0x01890000

10000520 <mpi_direction_masks>:
10000520:	4a02      	ldr	r2, [pc, #8]	@ (1000052c <mpi_direction_masks+0xc>)
10000522:	4b03      	ldr	r3, [pc, #12]	@ (10000530 <mpi_direction_masks+0x10>)
10000524:	6002      	str	r2, [r0, #0]
10000526:	600b      	str	r3, [r1, #0]
10000528:	4770      	bx	lr
1000052a:	bf00      	nop
1000052c:	00f82cff 	.word	0x00f82cff
10000530:	00fa2cff 	.word	0x00fa2cff

10000534 <mpi_decode_init>:
10000534:	e92d 4ff8 	stmdb	sp!, {r3, r4, r5, r6, r7, r8, r9, sl, fp, lr}
10000538:	f04f 0901 	mov.w	r9, #1
1000053c:	460d      	mov	r5, r1
1000053e:	4617      	mov	r7, r2
10000540:	2100      	movs	r1, #0
10000542:	f44f 62c0 	mov.w	r2, #1536	@ 0x600
10000546:	4604      	mov	r4, r0
10000548:	461e      	mov	r6, r3
1000054a:	f8dd 8028 	ldr.w	r8, [sp, #40]	@ 0x28
1000054e:	f001 fcd1 	bl	10001ef4 <memset>
10000552:	f8df e15c 	ldr.w	lr, [pc, #348]	@ 100006b0 <mpi_decode_init+0x17c>
10000556:	f10e 0b10 	add.w	fp, lr, #16
1000055a:	f1ce 0a00 	rsb	sl, lr, #0
1000055e:	eb0a 0c0e 	add.w	ip, sl, lr
10000562:	f81e 3f01 	ldrb.w	r3, [lr, #1]!
10000566:	fa09 fc0c 	lsl.w	ip, r9, ip
1000056a:	f003 0007 	and.w	r0, r3, #7
1000056e:	08db      	lsrs	r3, r3, #3
10000570:	eb04 2243 	add.w	r2, r4, r3, lsl #9
10000574:	2300      	movs	r3, #0
10000576:	fa09 f000 	lsl.w	r0, r9, r0
1000057a:	fa1f fc8c 	uxth.w	ip, ip
1000057e:	4218      	tst	r0, r3
10000580:	f103 0301 	add.w	r3, r3, #1
10000584:	d103      	bne.n	1000058e <mpi_decode_init+0x5a>
10000586:	8811      	ldrh	r1, [r2, #0]
10000588:	ea4c 0101 	orr.w	r1, ip, r1
1000058c:	8011      	strh	r1, [r2, #0]
1000058e:	f5b3 7f80 	cmp.w	r3, #256	@ 0x100
10000592:	f102 0202 	add.w	r2, r2, #2
10000596:	d1f2      	bne.n	1000057e <mpi_decode_init+0x4a>
10000598:	45de      	cmp	lr, fp
1000059a:	d1e0      	bne.n	1000055e <mpi_decode_init+0x2a>
1000059c:	2220      	movs	r2, #32
1000059e:	2100      	movs	r1, #0
100005a0:	f504 60c0 	add.w	r0, r4, #1536	@ 0x600
100005a4:	f001 fca6 	bl	10001ef4 <memset>
100005a8:	f04f 0e00 	mov.w	lr, #0
100005ac:	f8c4 e620 	str.w	lr, [r4, #1568]	@ 0x620
100005b0:	f8c4 e624 	str.w	lr, [r4, #1572]	@ 0x624
100005b4:	f8c4 e628 	str.w	lr, [r4, #1576]	@ 0x628
100005b8:	f8c4 e62c 	str.w	lr, [r4, #1580]	@ 0x62c
100005bc:	2f00      	cmp	r7, #0
100005be:	d075      	beq.n	100006ac <mpi_decode_init+0x178>
100005c0:	f1b8 0f00 	cmp.w	r8, #0
100005c4:	d072      	beq.n	100006ac <mpi_decode_init+0x178>
100005c6:	46b1      	mov	r9, r6
100005c8:	88ee      	ldrh	r6, [r5, #6]
100005ca:	2e00      	cmp	r6, #0
100005cc:	d058      	beq.n	10000680 <mpi_decode_init+0x14c>
100005ce:	68a9      	ldr	r1, [r5, #8]
100005d0:	f1a9 0004 	sub.w	r0, r9, #4
100005d4:	eb01 0c46 	add.w	ip, r1, r6, lsl #1
100005d8:	f831 2b02 	ldrh.w	r2, [r1], #2
100005dc:	43d3      	mvns	r3, r2
100005de:	f003 0301 	and.w	r3, r3, #1
100005e2:	00db      	lsls	r3, r3, #3
100005e4:	f012 0f02 	tst.w	r2, #2
100005e8:	bf08      	it	eq
100005ea:	f043 0304 	orreq.w	r3, r3, #4
100005ee:	f012 0f04 	tst.w	r2, #4
100005f2:	bf08      	it	eq
100005f4:	f043 0302 	orreq.w	r3, r3, #2
100005f8:	f012 0f08 	tst.w	r2, #8
100005fc:	bf08      	it	eq
100005fe:	f043 0301 	orreq.w	r3, r3, #1
10000602:	f012 0f10 	tst.w	r2, #16
10000606:	bf08      	it	eq
10000608:	f443 2300 	orreq.w	r3, r3, #524288	@ 0x80000
1000060c:	f012 0f20 	tst.w	r2, #32
10000610:	bf08      	it	eq
10000612:	f443 1380 	orreq.w	r3, r3, #1048576	@ 0x100000
10000616:	f012 0f40 	tst.w	r2, #64	@ 0x40
1000061a:	bf08      	it	eq
1000061c:	f443 1300 	orreq.w	r3, r3, #2097152	@ 0x200000
10000620:	f012 0f80 	tst.w	r2, #128	@ 0x80
10000624:	bf08      	it	eq
10000626:	f443 0380 	orreq.w	r3, r3, #4194304	@ 0x400000
1000062a:	f412 7f80 	tst.w	r2, #256	@ 0x100
1000062e:	bf08      	it	eq
10000630:	f443 0300 	orreq.w	r3, r3, #8388608	@ 0x800000
10000634:	f412 7f00 	tst.w	r2, #512	@ 0x200
10000638:	bf08      	it	eq
1000063a:	f043 0380 	orreq.w	r3, r3, #128	@ 0x80
1000063e:	f412 6f80 	tst.w	r2, #1024	@ 0x400
10000642:	bf08      	it	eq
10000644:	f043 0340 	orreq.w	r3, r3, #64	@ 0x40
10000648:	f412 6f00 	tst.w	r2, #2048	@ 0x800
1000064c:	bf08      	it	eq
1000064e:	f043 0320 	orreq.w	r3, r3, #32
10000652:	f412 5f80 	tst.w	r2, #4096	@ 0x1000
10000656:	bf08      	it	eq
10000658:	f043 0310 	orreq.w	r3, r3, #16
1000065c:	f412 5f00 	tst.w	r2, #8192	@ 0x2000
10000660:	bf08      	it	eq
10000662:	f443 6300 	orreq.w	r3, r3, #2048	@ 0x800
10000666:	f412 4f80 	tst.w	r2, #16384	@ 0x4000
1000066a:	bf08      	it	eq
1000066c:	f443 5300 	orreq.w	r3, r3, #8192	@ 0x2000
10000670:	0bd2      	lsrs	r2, r2, #15
10000672:	bf08      	it	eq
10000674:	f443 6380 	orreq.w	r3, r3, #1024	@ 0x400
10000678:	458c      	cmp	ip, r1
1000067a:	f840 3f04 	str.w	r3, [r0, #4]!
1000067e:	d1ab      	bne.n	100005d8 <mpi_decode_init+0xa4>
10000680:	792b      	ldrb	r3, [r5, #4]
10000682:	f10e 0e01 	add.w	lr, lr, #1
10000686:	43db      	mvns	r3, r3
10000688:	f003 0307 	and.w	r3, r3, #7
1000068c:	f503 72c0 	add.w	r2, r3, #384	@ 0x180
10000690:	4577      	cmp	r7, lr
10000692:	f503 7344 	add.w	r3, r3, #784	@ 0x310
10000696:	f844 9022 	str.w	r9, [r4, r2, lsl #2]
1000069a:	f824 6013 	strh.w	r6, [r4, r3, lsl #1]
1000069e:	d005      	beq.n	100006ac <mpi_decode_init+0x178>
100006a0:	45f0      	cmp	r8, lr
100006a2:	f105 050c 	add.w	r5, r5, #12
100006a6:	f509 4980 	add.w	r9, r9, #16384	@ 0x4000
100006aa:	d18d      	bne.n	100005c8 <mpi_decode_init+0x94>
100006ac:	e8bd 8ff8 	ldmia.w	sp!, {r3, r4, r5, r6, r7, r8, r9, sl, fp, pc}
100006b0:	10002303 	.word	0x10002303

100006b4 <gpio_set_function>:
100006b4:	b410      	push	{r4}
100006b6:	f44f 7480 	mov.w	r4, #256	@ 0x100
100006ba:	4b0c      	ldr	r3, [pc, #48]	@ (100006ec <gpio_set_function+0x38>)
100006bc:	f853 2020 	ldr.w	r2, [r3, r0, lsl #2]
100006c0:	eb03 0380 	add.w	r3, r3, r0, lsl #2
100006c4:	00c0      	lsls	r0, r0, #3
100006c6:	f082 0240 	eor.w	r2, r2, #64	@ 0x40
100006ca:	f100 4080 	add.w	r0, r0, #1073741824	@ 0x40000000
100006ce:	f503 5c80 	add.w	ip, r3, #4096	@ 0x1000
100006d2:	f002 02c0 	and.w	r2, r2, #192	@ 0xc0
100006d6:	f500 3020 	add.w	r0, r0, #163840	@ 0x28000
100006da:	f503 5340 	add.w	r3, r3, #12288	@ 0x3000
100006de:	f8cc 2000 	str.w	r2, [ip]
100006e2:	6041      	str	r1, [r0, #4]
100006e4:	601c      	str	r4, [r3, #0]
100006e6:	f85d 4b04 	ldr.w	r4, [sp], #4
100006ea:	4770      	bx	lr
100006ec:	40038004 	.word	0x40038004

100006f0 <gpio_set_pulls>:
100006f0:	b410      	push	{r4}
100006f2:	4c08      	ldr	r4, [pc, #32]	@ (10000714 <gpio_set_pulls+0x24>)
100006f4:	00c9      	lsls	r1, r1, #3
100006f6:	ea41 0182 	orr.w	r1, r1, r2, lsl #2
100006fa:	f854 2020 	ldr.w	r2, [r4, r0, lsl #2]
100006fe:	eb04 0380 	add.w	r3, r4, r0, lsl #2
10000702:	4051      	eors	r1, r2
10000704:	f503 5380 	add.w	r3, r3, #4096	@ 0x1000
10000708:	f001 010c 	and.w	r1, r1, #12
1000070c:	f85d 4b04 	ldr.w	r4, [sp], #4
10000710:	6019      	str	r1, [r3, #0]
10000712:	4770      	bx	lr
10000714:	40038004 	.word	0x40038004

10000718 <gpio_set_drive_strength>:
10000718:	4b06      	ldr	r3, [pc, #24]	@ (10000734 <gpio_set_drive_strength+0x1c>)
1000071a:	f853 2020 	ldr.w	r2, [r3, r0, lsl #2]
1000071e:	eb03 0380 	add.w	r3, r3, r0, lsl #2
10000722:	ea82 1201 	eor.w	r2, r2, r1, lsl #4
10000726:	f002 0230 	and.w	r2, r2, #48	@ 0x30
1000072a:	f503 5380 	add.w	r3, r3, #4096	@ 0x1000
1000072e:	601a      	str	r2, [r3, #0]
10000730:	4770      	bx	lr
10000732:	bf00      	nop
10000734:	40038004 	.word	0x40038004

10000738 <gpio_set_input_enabled>:
10000738:	4b06      	ldr	r3, [pc, #24]	@ (10000754 <gpio_set_input_enabled+0x1c>)
1000073a:	2240      	movs	r2, #64	@ 0x40
1000073c:	eb03 0380 	add.w	r3, r3, r0, lsl #2
10000740:	b119      	cbz	r1, 1000074a <gpio_set_input_enabled+0x12>
10000742:	f503 5300 	add.w	r3, r3, #8192	@ 0x2000
10000746:	601a      	str	r2, [r3, #0]
10000748:	4770      	bx	lr
1000074a:	f503 5340 	add.w	r3, r3, #12288	@ 0x3000
1000074e:	601a      	str	r2, [r3, #0]
10000750:	4770      	bx	lr
10000752:	bf00      	nop
10000754:	40038004 	.word	0x40038004

10000758 <gpio_init>:
10000758:	b430      	push	{r4, r5}
1000075a:	f04f 0300 	mov.w	r3, #0
1000075e:	ec43 0044 	gpioc_bit_oe_put r0, r3
10000762:	ec43 0040 	gpioc_bit_out_put r0, r3
10000766:	2505      	movs	r5, #5
10000768:	f44f 7480 	mov.w	r4, #256	@ 0x100
1000076c:	4b0b      	ldr	r3, [pc, #44]	@ (1000079c <gpio_init+0x44>)
1000076e:	00c2      	lsls	r2, r0, #3
10000770:	f853 1020 	ldr.w	r1, [r3, r0, lsl #2]
10000774:	eb03 0080 	add.w	r0, r3, r0, lsl #2
10000778:	f081 0140 	eor.w	r1, r1, #64	@ 0x40
1000077c:	f102 4380 	add.w	r3, r2, #1073741824	@ 0x40000000
10000780:	f503 3320 	add.w	r3, r3, #163840	@ 0x28000
10000784:	f001 02c0 	and.w	r2, r1, #192	@ 0xc0
10000788:	f500 5180 	add.w	r1, r0, #4096	@ 0x1000
1000078c:	f500 5040 	add.w	r0, r0, #12288	@ 0x3000
10000790:	600a      	str	r2, [r1, #0]
10000792:	605d      	str	r5, [r3, #4]
10000794:	6004      	str	r4, [r0, #0]
10000796:	bc30      	pop	{r4, r5}
10000798:	4770      	bx	lr
1000079a:	bf00      	nop
1000079c:	40038004 	.word	0x40038004

100007a0 <panic>:
100007a0:	b40f      	push	{r0, r1, r2, r3}
100007a2:	b500      	push	{lr}
100007a4:	b083      	sub	sp, #12
100007a6:	9c04      	ldr	r4, [sp, #16]
100007a8:	4807      	ldr	r0, [pc, #28]	@ (100007c8 <panic+0x28>)
100007aa:	f001 fa0d 	bl	10001bc8 <__wrap_puts>
100007ae:	b13c      	cbz	r4, 100007c0 <panic+0x20>
100007b0:	a905      	add	r1, sp, #20
100007b2:	4620      	mov	r0, r4
100007b4:	9101      	str	r1, [sp, #4]
100007b6:	f001 f8c3 	bl	10001940 <weak_raw_vprintf>
100007ba:	4804      	ldr	r0, [pc, #16]	@ (100007cc <panic+0x2c>)
100007bc:	f001 fa04 	bl	10001bc8 <__wrap_puts>
100007c0:	2001      	movs	r0, #1
100007c2:	f001 f8d5 	bl	10001970 <_exit>
100007c6:	bf00      	nop
100007c8:	10002250 	.word	0x10002250
100007cc:	10002260 	.word	0x10002260

100007d0 <hw_claim_lock>:
100007d0:	f3ef 8010 	mrs	r0, PRIMASK
100007d4:	b672      	cpsid	i
100007d6:	4b06      	ldr	r3, [pc, #24]	@ (100007f0 <hw_claim_lock+0x20>)
100007d8:	e8d3 1fcf 	ldaexb	r1, [r3]
100007dc:	2201      	movs	r2, #1
100007de:	2900      	cmp	r1, #0
100007e0:	d1fa      	bne.n	100007d8 <hw_claim_lock+0x8>
100007e2:	e8c3 2f41 	strexb	r1, r2, [r3]
100007e6:	2900      	cmp	r1, #0
100007e8:	d1f6      	bne.n	100007d8 <hw_claim_lock+0x8>
100007ea:	f3bf 8f5f 	dmb	sy
100007ee:	4770      	bx	lr
100007f0:	2000069b 	.word	0x2000069b

100007f4 <hw_claim_unlock>:
100007f4:	2300      	movs	r3, #0
100007f6:	4a03      	ldr	r2, [pc, #12]	@ (10000804 <hw_claim_unlock+0x10>)
100007f8:	e8c2 3f8f 	stlb	r3, [r2]
100007fc:	f380 8810 	msr	PRIMASK, r0
10000800:	4770      	bx	lr
10000802:	bf00      	nop
10000804:	2000069b 	.word	0x2000069b

10000808 <hw_claim_or_assert>:
10000808:	b570      	push	{r4, r5, r6, lr}
1000080a:	4686      	mov	lr, r0
1000080c:	f3ef 8510 	mrs	r5, PRIMASK
10000810:	b672      	cpsid	i
10000812:	4c12      	ldr	r4, [pc, #72]	@ (1000085c <hw_claim_or_assert+0x54>)
10000814:	e8d4 6fcf 	ldaexb	r6, [r4]
10000818:	2001      	movs	r0, #1
1000081a:	2e00      	cmp	r6, #0
1000081c:	d1fa      	bne.n	10000814 <hw_claim_or_assert+0xc>
1000081e:	e8c4 0f46 	strexb	r6, r0, [r4]
10000822:	2e00      	cmp	r6, #0
10000824:	d1f6      	bne.n	10000814 <hw_claim_or_assert+0xc>
10000826:	f3bf 8f5f 	dmb	sy
1000082a:	f04f 0c01 	mov.w	ip, #1
1000082e:	08c8      	lsrs	r0, r1, #3
10000830:	f001 0307 	and.w	r3, r1, #7
10000834:	fa0c f303 	lsl.w	r3, ip, r3
10000838:	f81e c000 	ldrb.w	ip, [lr, r0]
1000083c:	ea1c 0603 	ands.w	r6, ip, r3
10000840:	d108      	bne.n	10000854 <hw_claim_or_assert+0x4c>
10000842:	ea4c 0c03 	orr.w	ip, ip, r3
10000846:	f80e c000 	strb.w	ip, [lr, r0]
1000084a:	e8c4 6f8f 	stlb	r6, [r4]
1000084e:	f385 8810 	msr	PRIMASK, r5
10000852:	bd70      	pop	{r4, r5, r6, pc}
10000854:	4610      	mov	r0, r2
10000856:	f7ff ffa3 	bl	100007a0 <panic>
1000085a:	bf00      	nop
1000085c:	2000069b 	.word	0x2000069b

10000860 <next_striped_spin_lock_num>:
10000860:	4a04      	ldr	r2, [pc, #16]	@ (10000874 <next_striped_spin_lock_num+0x14>)
10000862:	7810      	ldrb	r0, [r2, #0]
10000864:	1c43      	adds	r3, r0, #1
10000866:	b2db      	uxtb	r3, r3
10000868:	2b18      	cmp	r3, #24
1000086a:	bf28      	it	cs
1000086c:	2310      	movcs	r3, #16
1000086e:	7013      	strb	r3, [r2, #0]
10000870:	4770      	bx	lr
10000872:	bf00      	nop
10000874:	20000330 	.word	0x20000330

10000878 <spinlock_set_extexclall>:
10000878:	f04f 22e0 	mov.w	r2, #3758153728	@ 0xe000e000
1000087c:	6893      	ldr	r3, [r2, #8]
1000087e:	f043 5300 	orr.w	r3, r3, #536870912	@ 0x20000000
10000882:	6093      	str	r3, [r2, #8]
10000884:	4770      	bx	lr
10000886:	bf00      	nop

10000888 <spin_locks_reset>:
10000888:	2100      	movs	r1, #0
1000088a:	4b04      	ldr	r3, [pc, #16]	@ (1000089c <spin_locks_reset+0x14>)
1000088c:	f103 0220 	add.w	r2, r3, #32
10000890:	e8c3 1f8f 	stlb	r1, [r3]
10000894:	3301      	adds	r3, #1
10000896:	4293      	cmp	r3, r2
10000898:	d1fa      	bne.n	10000890 <spin_locks_reset+0x8>
1000089a:	4770      	bx	lr
1000089c:	20000690 	.word	0x20000690

100008a0 <runtime_init_per_core_irq_priorities>:
100008a0:	f04f 23e0 	mov.w	r3, #3758153728	@ 0xe000e000
100008a4:	f04f 3280 	mov.w	r2, #2155905152	@ 0x80808080
100008a8:	f8c3 2400 	str.w	r2, [r3, #1024]	@ 0x400
100008ac:	f8c3 2404 	str.w	r2, [r3, #1028]	@ 0x404
100008b0:	f8c3 2408 	str.w	r2, [r3, #1032]	@ 0x408
100008b4:	f8c3 240c 	str.w	r2, [r3, #1036]	@ 0x40c
100008b8:	f8c3 2410 	str.w	r2, [r3, #1040]	@ 0x410
100008bc:	f8c3 2414 	str.w	r2, [r3, #1044]	@ 0x414
100008c0:	f8c3 2418 	str.w	r2, [r3, #1048]	@ 0x418
100008c4:	f8c3 241c 	str.w	r2, [r3, #1052]	@ 0x41c
100008c8:	f8c3 2420 	str.w	r2, [r3, #1056]	@ 0x420
100008cc:	f8c3 2424 	str.w	r2, [r3, #1060]	@ 0x424
100008d0:	f8c3 2428 	str.w	r2, [r3, #1064]	@ 0x428
100008d4:	f8c3 242c 	str.w	r2, [r3, #1068]	@ 0x42c
100008d8:	f8c3 2430 	str.w	r2, [r3, #1072]	@ 0x430
100008dc:	4770      	bx	lr
100008de:	bf00      	nop

100008e0 <irq_set_enabled>:
100008e0:	2301      	movs	r3, #1
100008e2:	f000 021f 	and.w	r2, r0, #31
100008e6:	4093      	lsls	r3, r2
100008e8:	0940      	lsrs	r0, r0, #5
100008ea:	b141      	cbz	r1, 100008fe <irq_set_enabled+0x1e>
100008ec:	0080      	lsls	r0, r0, #2
100008ee:	f100 4060 	add.w	r0, r0, #3758096384	@ 0xe0000000
100008f2:	f500 4061 	add.w	r0, r0, #57600	@ 0xe100
100008f6:	f8c0 3180 	str.w	r3, [r0, #384]	@ 0x180
100008fa:	6003      	str	r3, [r0, #0]
100008fc:	4770      	bx	lr
100008fe:	4a02      	ldr	r2, [pc, #8]	@ (10000908 <irq_set_enabled+0x28>)
10000900:	3020      	adds	r0, #32
10000902:	f842 3020 	str.w	r3, [r2, r0, lsl #2]
10000906:	4770      	bx	lr
10000908:	e000e100 	.word	0xe000e100

1000090c <irq_is_enabled>:
1000090c:	2301      	movs	r3, #1
1000090e:	4a06      	ldr	r2, [pc, #24]	@ (10000928 <irq_is_enabled+0x1c>)
10000910:	0941      	lsrs	r1, r0, #5
10000912:	f852 2021 	ldr.w	r2, [r2, r1, lsl #2]
10000916:	f000 001f 	and.w	r0, r0, #31
1000091a:	4083      	lsls	r3, r0
1000091c:	4213      	tst	r3, r2
1000091e:	bf14      	ite	ne
10000920:	2001      	movne	r0, #1
10000922:	2000      	moveq	r0, #0
10000924:	4770      	bx	lr
10000926:	bf00      	nop
10000928:	e000e100 	.word	0xe000e100

1000092c <irq_set_exclusive_handler>:
1000092c:	b5f8      	push	{r3, r4, r5, r6, r7, lr}
1000092e:	460d      	mov	r5, r1
10000930:	f3ef 8710 	mrs	r7, PRIMASK
10000934:	b672      	cpsid	i
10000936:	4e12      	ldr	r6, [pc, #72]	@ (10000980 <irq_set_exclusive_handler+0x54>)
10000938:	e8d6 2fcf 	ldaexb	r2, [r6]
1000093c:	2301      	movs	r3, #1
1000093e:	2a00      	cmp	r2, #0
10000940:	d1fa      	bne.n	10000938 <irq_set_exclusive_handler+0xc>
10000942:	e8c6 3f42 	strexb	r2, r3, [r6]
10000946:	2a00      	cmp	r2, #0
10000948:	d1f6      	bne.n	10000938 <irq_set_exclusive_handler+0xc>
1000094a:	f3bf 8f5f 	dmb	sy
1000094e:	4b0d      	ldr	r3, [pc, #52]	@ (10000984 <irq_set_exclusive_handler+0x58>)
10000950:	f100 0410 	add.w	r4, r0, #16
10000954:	689b      	ldr	r3, [r3, #8]
10000956:	4a0c      	ldr	r2, [pc, #48]	@ (10000988 <irq_set_exclusive_handler+0x5c>)
10000958:	f853 3024 	ldr.w	r3, [r3, r4, lsl #2]
1000095c:	4293      	cmp	r3, r2
1000095e:	d003      	beq.n	10000968 <irq_set_exclusive_handler+0x3c>
10000960:	4299      	cmp	r1, r3
10000962:	d001      	beq.n	10000968 <irq_set_exclusive_handler+0x3c>
10000964:	f000 fee8 	bl	10001738 <hard_assertion_failure>
10000968:	4b06      	ldr	r3, [pc, #24]	@ (10000984 <irq_set_exclusive_handler+0x58>)
1000096a:	689b      	ldr	r3, [r3, #8]
1000096c:	f843 5024 	str.w	r5, [r3, r4, lsl #2]
10000970:	f3bf 8f5f 	dmb	sy
10000974:	2300      	movs	r3, #0
10000976:	e8c6 3f8f 	stlb	r3, [r6]
1000097a:	f387 8810 	msr	PRIMASK, r7
1000097e:	bdf8      	pop	{r3, r4, r5, r6, r7, pc}
10000980:	20000699 	.word	0x20000699
10000984:	e000ed00 	.word	0xe000ed00
10000988:	1000011d 	.word	0x1000011d

1000098c <lock_init>:
1000098c:	4b01      	ldr	r3, [pc, #4]	@ (10000994 <lock_init+0x8>)
1000098e:	440b      	add	r3, r1
10000990:	6003      	str	r3, [r0, #0]
10000992:	4770      	bx	lr
10000994:	20000690 	.word	0x20000690

10000998 <runtime_init_mutex>:
10000998:	b570      	push	{r4, r5, r6, lr}
1000099a:	4c10      	ldr	r4, [pc, #64]	@ (100009dc <runtime_init_mutex+0x44>)
1000099c:	4d10      	ldr	r5, [pc, #64]	@ (100009e0 <runtime_init_mutex+0x48>)
1000099e:	42ac      	cmp	r4, r5
100009a0:	d20e      	bcs.n	100009c0 <runtime_init_mutex+0x28>
100009a2:	26ff      	movs	r6, #255	@ 0xff
100009a4:	6823      	ldr	r3, [r4, #0]
100009a6:	b163      	cbz	r3, 100009c2 <runtime_init_mutex+0x2a>
100009a8:	f7ff ff5a 	bl	10000860 <next_striped_spin_lock_num>
100009ac:	4601      	mov	r1, r0
100009ae:	4620      	mov	r0, r4
100009b0:	f7ff ffec 	bl	1000098c <lock_init>
100009b4:	80a6      	strh	r6, [r4, #4]
100009b6:	f3bf 8f5f 	dmb	sy
100009ba:	3408      	adds	r4, #8
100009bc:	42ac      	cmp	r4, r5
100009be:	d3f1      	bcc.n	100009a4 <runtime_init_mutex+0xc>
100009c0:	bd70      	pop	{r4, r5, r6, pc}
100009c2:	f7ff ff4d 	bl	10000860 <next_striped_spin_lock_num>
100009c6:	4601      	mov	r1, r0
100009c8:	4620      	mov	r0, r4
100009ca:	f7ff ffdf 	bl	1000098c <lock_init>
100009ce:	7126      	strb	r6, [r4, #4]
100009d0:	f3bf 8f5f 	dmb	sy
100009d4:	3408      	adds	r4, #8
100009d6:	42ac      	cmp	r4, r5
100009d8:	d3e4      	bcc.n	100009a4 <runtime_init_mutex+0xc>
100009da:	bd70      	pop	{r4, r5, r6, pc}
100009dc:	2000034c 	.word	0x2000034c
100009e0:	2000035c 	.word	0x2000035c

100009e4 <sleep_until_callback>:
100009e4:	4b0d      	ldr	r3, [pc, #52]	@ (10000a1c <sleep_until_callback+0x38>)
100009e6:	681a      	ldr	r2, [r3, #0]
100009e8:	f3ef 8110 	mrs	r1, PRIMASK
100009ec:	b672      	cpsid	i
100009ee:	e8d2 cfcf 	ldaexb	ip, [r2]
100009f2:	2001      	movs	r0, #1
100009f4:	f1bc 0f00 	cmp.w	ip, #0
100009f8:	d1f9      	bne.n	100009ee <sleep_until_callback+0xa>
100009fa:	e8c2 0f4c 	strexb	ip, r0, [r2]
100009fe:	f1bc 0f00 	cmp.w	ip, #0
10000a02:	d1f4      	bne.n	100009ee <sleep_until_callback+0xa>
10000a04:	f3bf 8f5f 	dmb	sy
10000a08:	2200      	movs	r2, #0
10000a0a:	681b      	ldr	r3, [r3, #0]
10000a0c:	e8c3 2f8f 	stlb	r2, [r3]
10000a10:	f381 8810 	msr	PRIMASK, r1
10000a14:	bf40      	sev
10000a16:	2000      	movs	r0, #0
10000a18:	2100      	movs	r1, #0
10000a1a:	4770      	bx	lr
10000a1c:	20020d5c 	.word	0x20020d5c

10000a20 <alarm_pool_irq_handler>:
10000a20:	e92d 4ff0 	stmdb	sp!, {r4, r5, r6, r7, r8, r9, sl, fp, lr}
10000a24:	ed2d 8b02 	vpush	{d8}
10000a28:	b085      	sub	sp, #20
10000a2a:	f3ef 8305 	mrs	r3, IPSR
10000a2e:	b2db      	uxtb	r3, r3
10000a30:	3b10      	subs	r3, #16
10000a32:	089a      	lsrs	r2, r3, #2
10000a34:	bf18      	it	ne
10000a36:	2201      	movne	r2, #1
10000a38:	f04f 0101 	mov.w	r1, #1
10000a3c:	f003 0003 	and.w	r0, r3, #3
10000a40:	bf18      	it	ne
10000a42:	4daf      	ldrne	r5, [pc, #700]	@ (10000d00 <alarm_pool_irq_handler+0x2e0>)
10000a44:	4baf      	ldr	r3, [pc, #700]	@ (10000d04 <alarm_pool_irq_handler+0x2e4>)
10000a46:	bf08      	it	eq
10000a48:	4daf      	ldreq	r5, [pc, #700]	@ (10000d08 <alarm_pool_irq_handler+0x2e8>)
10000a4a:	eb00 0282 	add.w	r2, r0, r2, lsl #2
10000a4e:	f853 6022 	ldr.w	r6, [r3, r2, lsl #2]
10000a52:	fa01 fb00 	lsl.w	fp, r1, r0
10000a56:	f505 5341 	add.w	r3, r5, #12352	@ 0x3040
10000a5a:	ed9f 8ba7 	vldr	d8, [pc, #668]	@ 10000cf8 <alarm_pool_irq_handler+0x2d8>
10000a5e:	9001      	str	r0, [sp, #4]
10000a60:	f8c3 b004 	str.w	fp, [r3, #4]
10000a64:	e02e      	b.n	10000ac4 <alarm_pool_irq_handler+0xa4>
10000a66:	88b3      	ldrh	r3, [r6, #4]
10000a68:	0418      	lsls	r0, r3, #16
10000a6a:	f140 8092 	bpl.w	10000b92 <alarm_pool_irq_handler+0x172>
10000a6e:	79b3      	ldrb	r3, [r6, #6]
10000a70:	2b00      	cmp	r3, #0
10000a72:	f040 80dc 	bne.w	10000c2e <alarm_pool_irq_handler+0x20e>
10000a76:	f9b6 1008 	ldrsh.w	r1, [r6, #8]
10000a7a:	2900      	cmp	r1, #0
10000a7c:	f2c0 811d 	blt.w	10000cba <alarm_pool_irq_handler+0x29a>
10000a80:	6973      	ldr	r3, [r6, #20]
10000a82:	eb01 0141 	add.w	r1, r1, r1, lsl #1
10000a86:	eb03 03c1 	add.w	r3, r3, r1, lsl #3
10000a8a:	e9d3 4702 	ldrd	r4, r7, [r3, #8]
10000a8e:	f1b7 3fff 	cmp.w	r7, #4294967295	@ 0xffffffff
10000a92:	bf08      	it	eq
10000a94:	f1b4 3fff 	cmpeq.w	r4, #4294967295	@ 0xffffffff
10000a98:	d00d      	beq.n	10000ab6 <alarm_pool_irq_handler+0x96>
10000a9a:	9b01      	ldr	r3, [sp, #4]
10000a9c:	eb05 0183 	add.w	r1, r5, r3, lsl #2
10000aa0:	6aab      	ldr	r3, [r5, #40]	@ 0x28
10000aa2:	690a      	ldr	r2, [r1, #16]
10000aa4:	1ad2      	subs	r2, r2, r3
10000aa6:	1ae3      	subs	r3, r4, r3
10000aa8:	4293      	cmp	r3, r2
10000aaa:	d303      	bcc.n	10000ab4 <alarm_pool_irq_handler+0x94>
10000aac:	6a2b      	ldr	r3, [r5, #32]
10000aae:	ea13 0f0b 	tst.w	r3, fp
10000ab2:	d100      	bne.n	10000ab6 <alarm_pool_irq_handler+0x96>
10000ab4:	610c      	str	r4, [r1, #16]
10000ab6:	4628      	mov	r0, r5
10000ab8:	f000 fb32 	bl	10001120 <timer_time_us_64>
10000abc:	42a0      	cmp	r0, r4
10000abe:	41b9      	sbcs	r1, r7
10000ac0:	f2c0 80fb 	blt.w	10000cba <alarm_pool_irq_handler+0x29a>
10000ac4:	f9b6 3008 	ldrsh.w	r3, [r6, #8]
10000ac8:	f8c5 b03c 	str.w	fp, [r5, #60]	@ 0x3c
10000acc:	2b00      	cmp	r3, #0
10000ace:	9300      	str	r3, [sp, #0]
10000ad0:	dbc9      	blt.n	10000a66 <alarm_pool_irq_handler+0x46>
10000ad2:	f8d6 9014 	ldr.w	r9, [r6, #20]
10000ad6:	eb03 0a43 	add.w	sl, r3, r3, lsl #1
10000ada:	4628      	mov	r0, r5
10000adc:	eb09 07ca 	add.w	r7, r9, sl, lsl #3
10000ae0:	e9d7 4802 	ldrd	r4, r8, [r7, #8]
10000ae4:	f000 fb1c 	bl	10001120 <timer_time_us_64>
10000ae8:	42a0      	cmp	r0, r4
10000aea:	eb71 0108 	sbcs.w	r1, r1, r8
10000aee:	dbba      	blt.n	10000a66 <alarm_pool_irq_handler+0x46>
10000af0:	f1b8 0f00 	cmp.w	r8, #0
10000af4:	f2c0 80c3 	blt.w	10000c7e <alarm_pool_irq_handler+0x25e>
10000af8:	e9d7 3104 	ldrd	r3, r1, [r7, #16]
10000afc:	4a83      	ldr	r2, [pc, #524]	@ (10000d0c <alarm_pool_irq_handler+0x2ec>)
10000afe:	4293      	cmp	r3, r2
10000b00:	f000 80ed 	beq.w	10000cde <alarm_pool_irq_handler+0x2be>
10000b04:	887a      	ldrh	r2, [r7, #2]
10000b06:	f9b6 0008 	ldrsh.w	r0, [r6, #8]
10000b0a:	b292      	uxth	r2, r2
10000b0c:	ea42 4000 	orr.w	r0, r2, r0, lsl #16
10000b10:	4798      	blx	r3
10000b12:	4602      	mov	r2, r0
10000b14:	460b      	mov	r3, r1
10000b16:	ea52 0103 	orrs.w	r1, r2, r3
10000b1a:	f000 80b0 	beq.w	10000c7e <alarm_pool_irq_handler+0x25e>
10000b1e:	2b00      	cmp	r3, #0
10000b20:	f280 80d1 	bge.w	10000cc6 <alarm_pool_irq_handler+0x2a6>
10000b24:	ebb4 0e02 	subs.w	lr, r4, r2
10000b28:	eb68 0803 	sbc.w	r8, r8, r3
10000b2c:	f939 303a 	ldrsh.w	r3, [r9, sl, lsl #3]
10000b30:	e9c7 e802 	strd	lr, r8, [r7, #8]
10000b34:	2b00      	cmp	r3, #0
10000b36:	db96      	blt.n	10000a66 <alarm_pool_irq_handler+0x46>
10000b38:	6971      	ldr	r1, [r6, #20]
10000b3a:	eb03 0243 	add.w	r2, r3, r3, lsl #1
10000b3e:	eb01 02c2 	add.w	r2, r1, r2, lsl #3
10000b42:	e9d2 7002 	ldrd	r7, r0, [r2, #8]
10000b46:	45be      	cmp	lr, r7
10000b48:	eb78 0c00 	sbcs.w	ip, r8, r0
10000b4c:	ea4f 0243 	mov.w	r2, r3, lsl #1
10000b50:	db89      	blt.n	10000a66 <alarm_pool_irq_handler+0x46>
10000b52:	46b4      	mov	ip, r6
10000b54:	f82c 3f08 	strh.w	r3, [ip, #8]!
10000b58:	e00b      	b.n	10000b72 <alarm_pool_irq_handler+0x152>
10000b5a:	f931 3032 	ldrsh.w	r3, [r1, r2, lsl #3]
10000b5e:	46a4      	mov	ip, r4
10000b60:	2b00      	cmp	r3, #0
10000b62:	db0d      	blt.n	10000b80 <alarm_pool_irq_handler+0x160>
10000b64:	eb03 0043 	add.w	r0, r3, r3, lsl #1
10000b68:	eb01 00c0 	add.w	r0, r1, r0, lsl #3
10000b6c:	005a      	lsls	r2, r3, #1
10000b6e:	e9d0 7002 	ldrd	r7, r0, [r0, #8]
10000b72:	45be      	cmp	lr, r7
10000b74:	441a      	add	r2, r3
10000b76:	eb78 0000 	sbcs.w	r0, r8, r0
10000b7a:	eb01 04c2 	add.w	r4, r1, r2, lsl #3
10000b7e:	daec      	bge.n	10000b5a <alarm_pool_irq_handler+0x13a>
10000b80:	f829 303a 	strh.w	r3, [r9, sl, lsl #3]
10000b84:	9b00      	ldr	r3, [sp, #0]
10000b86:	f8ac 3000 	strh.w	r3, [ip]
10000b8a:	88b3      	ldrh	r3, [r6, #4]
10000b8c:	0418      	lsls	r0, r3, #16
10000b8e:	f53f af6e 	bmi.w	10000a6e <alarm_pool_irq_handler+0x4e>
10000b92:	6933      	ldr	r3, [r6, #16]
10000b94:	f3ef 8210 	mrs	r2, PRIMASK
10000b98:	b672      	cpsid	i
10000b9a:	e8d3 0fcf 	ldaexb	r0, [r3]
10000b9e:	2101      	movs	r1, #1
10000ba0:	2800      	cmp	r0, #0
10000ba2:	d1fa      	bne.n	10000b9a <alarm_pool_irq_handler+0x17a>
10000ba4:	e8c3 1f40 	strexb	r0, r1, [r3]
10000ba8:	2800      	cmp	r0, #0
10000baa:	d1f6      	bne.n	10000b9a <alarm_pool_irq_handler+0x17a>
10000bac:	f3bf 8f5f 	dmb	sy
10000bb0:	f64f 74ff 	movw	r4, #65535	@ 0xffff
10000bb4:	88b0      	ldrh	r0, [r6, #4]
10000bb6:	2300      	movs	r3, #0
10000bb8:	6931      	ldr	r1, [r6, #16]
10000bba:	b200      	sxth	r0, r0
10000bbc:	80b4      	strh	r4, [r6, #4]
10000bbe:	e8c1 3f8f 	stlb	r3, [r1]
10000bc2:	f382 8810 	msr	PRIMASK, r2
10000bc6:	4298      	cmp	r0, r3
10000bc8:	f6ff af51 	blt.w	10000a6e <alarm_pool_irq_handler+0x4e>
10000bcc:	4607      	mov	r7, r0
10000bce:	46a9      	mov	r9, r5
10000bd0:	6974      	ldr	r4, [r6, #20]
10000bd2:	f106 0808 	add.w	r8, r6, #8
10000bd6:	eb07 0e47 	add.w	lr, r7, r7, lsl #1
10000bda:	eb04 03ce 	add.w	r3, r4, lr, lsl #3
10000bde:	e9d3 5002 	ldrd	r5, r0, [r3, #8]
10000be2:	f9b6 3008 	ldrsh.w	r3, [r6, #8]
10000be6:	46c4      	mov	ip, r8
10000be8:	2b00      	cmp	r3, #0
10000bea:	db13      	blt.n	10000c14 <alarm_pool_irq_handler+0x1f4>
10000bec:	46b2      	mov	sl, r6
10000bee:	9700      	str	r7, [sp, #0]
10000bf0:	e004      	b.n	10000bfc <alarm_pool_irq_handler+0x1dc>
10000bf2:	f934 3036 	ldrsh.w	r3, [r4, r6, lsl #3]
10000bf6:	4694      	mov	ip, r2
10000bf8:	2b00      	cmp	r3, #0
10000bfa:	db09      	blt.n	10000c10 <alarm_pool_irq_handler+0x1f0>
10000bfc:	eb03 0643 	add.w	r6, r3, r3, lsl #1
10000c00:	eb04 02c6 	add.w	r2, r4, r6, lsl #3
10000c04:	e9d2 7102 	ldrd	r7, r1, [r2, #8]
10000c08:	42bd      	cmp	r5, r7
10000c0a:	eb70 0101 	sbcs.w	r1, r0, r1
10000c0e:	daf0      	bge.n	10000bf2 <alarm_pool_irq_handler+0x1d2>
10000c10:	4656      	mov	r6, sl
10000c12:	9f00      	ldr	r7, [sp, #0]
10000c14:	f8ac 7000 	strh.w	r7, [ip]
10000c18:	f934 703e 	ldrsh.w	r7, [r4, lr, lsl #3]
10000c1c:	f824 303e 	strh.w	r3, [r4, lr, lsl #3]
10000c20:	2f00      	cmp	r7, #0
10000c22:	dad8      	bge.n	10000bd6 <alarm_pool_irq_handler+0x1b6>
10000c24:	79b3      	ldrb	r3, [r6, #6]
10000c26:	464d      	mov	r5, r9
10000c28:	2b00      	cmp	r3, #0
10000c2a:	f43f af24 	beq.w	10000a76 <alarm_pool_irq_handler+0x56>
10000c2e:	2300      	movs	r3, #0
10000c30:	71b3      	strb	r3, [r6, #6]
10000c32:	f9b6 3008 	ldrsh.w	r3, [r6, #8]
10000c36:	f106 0808 	add.w	r8, r6, #8
10000c3a:	1c59      	adds	r1, r3, #1
10000c3c:	d03d      	beq.n	10000cba <alarm_pool_irq_handler+0x29a>
10000c3e:	4619      	mov	r1, r3
10000c40:	6977      	ldr	r7, [r6, #20]
10000c42:	e003      	b.n	10000c4c <alarm_pool_irq_handler+0x22c>
10000c44:	4680      	mov	r8, r0
10000c46:	1c5a      	adds	r2, r3, #1
10000c48:	f43f af17 	beq.w	10000a7a <alarm_pool_irq_handler+0x5a>
10000c4c:	eb03 0243 	add.w	r2, r3, r3, lsl #1
10000c50:	eb07 00c2 	add.w	r0, r7, r2, lsl #3
10000c54:	f8b0 c002 	ldrh.w	ip, [r0, #2]
10000c58:	461c      	mov	r4, r3
10000c5a:	f41c 4f00 	tst.w	ip, #32768	@ 0x8000
10000c5e:	469e      	mov	lr, r3
10000c60:	f937 3032 	ldrsh.w	r3, [r7, r2, lsl #3]
10000c64:	d0ee      	beq.n	10000c44 <alarm_pool_irq_handler+0x224>
10000c66:	428c      	cmp	r4, r1
10000c68:	ed80 8b02 	vstr	d8, [r0, #8]
10000c6c:	d005      	beq.n	10000c7a <alarm_pool_irq_handler+0x25a>
10000c6e:	f8a8 3000 	strh.w	r3, [r8]
10000c72:	8931      	ldrh	r1, [r6, #8]
10000c74:	f827 1032 	strh.w	r1, [r7, r2, lsl #3]
10000c78:	8134      	strh	r4, [r6, #8]
10000c7a:	4671      	mov	r1, lr
10000c7c:	e7e3      	b.n	10000c46 <alarm_pool_irq_handler+0x226>
10000c7e:	f839 303a 	ldrh.w	r3, [r9, sl, lsl #3]
10000c82:	8133      	strh	r3, [r6, #8]
10000c84:	6933      	ldr	r3, [r6, #16]
10000c86:	f3ef 8210 	mrs	r2, PRIMASK
10000c8a:	b672      	cpsid	i
10000c8c:	e8d3 0fcf 	ldaexb	r0, [r3]
10000c90:	2101      	movs	r1, #1
10000c92:	2800      	cmp	r0, #0
10000c94:	d1fa      	bne.n	10000c8c <alarm_pool_irq_handler+0x26c>
10000c96:	e8c3 1f40 	strexb	r0, r1, [r3]
10000c9a:	2800      	cmp	r0, #0
10000c9c:	d1f6      	bne.n	10000c8c <alarm_pool_irq_handler+0x26c>
10000c9e:	f3bf 8f5f 	dmb	sy
10000ca2:	8873      	ldrh	r3, [r6, #2]
10000ca4:	6931      	ldr	r1, [r6, #16]
10000ca6:	f829 303a 	strh.w	r3, [r9, sl, lsl #3]
10000caa:	9b00      	ldr	r3, [sp, #0]
10000cac:	8073      	strh	r3, [r6, #2]
10000cae:	2300      	movs	r3, #0
10000cb0:	e8c1 3f8f 	stlb	r3, [r1]
10000cb4:	f382 8810 	msr	PRIMASK, r2
10000cb8:	e6d5      	b.n	10000a66 <alarm_pool_irq_handler+0x46>
10000cba:	bf40      	sev
10000cbc:	b005      	add	sp, #20
10000cbe:	ecbd 8b02 	vpop	{d8}
10000cc2:	e8bd 8ff0 	ldmia.w	sp!, {r4, r5, r6, r7, r8, r9, sl, fp, pc}
10000cc6:	4628      	mov	r0, r5
10000cc8:	e9cd 2302 	strd	r2, r3, [sp, #8]
10000ccc:	f000 fa28 	bl	10001120 <timer_time_us_64>
10000cd0:	9a02      	ldr	r2, [sp, #8]
10000cd2:	9b03      	ldr	r3, [sp, #12]
10000cd4:	eb10 0e02 	adds.w	lr, r0, r2
10000cd8:	eb43 0801 	adc.w	r8, r3, r1
10000cdc:	e726      	b.n	10000b2c <alarm_pool_irq_handler+0x10c>
10000cde:	4608      	mov	r0, r1
10000ce0:	690b      	ldr	r3, [r1, #16]
10000ce2:	9102      	str	r1, [sp, #8]
10000ce4:	4798      	blx	r3
10000ce6:	2800      	cmp	r0, #0
10000ce8:	d0c9      	beq.n	10000c7e <alarm_pool_irq_handler+0x25e>
10000cea:	9902      	ldr	r1, [sp, #8]
10000cec:	e9d1 2300 	ldrd	r2, r3, [r1]
10000cf0:	e711      	b.n	10000b16 <alarm_pool_irq_handler+0xf6>
10000cf2:	bf00      	nop
10000cf4:	f3af 8000 	nop.w
10000cf8:	ffffffff 	.word	0xffffffff
10000cfc:	ffffffff 	.word	0xffffffff
10000d00:	400b8000 	.word	0x400b8000
10000d04:	20020d3c 	.word	0x20020d3c
10000d08:	400b0000 	.word	0x400b0000
10000d0c:	10000a21 	.word	0x10000a21

10000d10 <runtime_init_default_alarm_pool>:
10000d10:	e92d 4ff8 	stmdb	sp!, {r3, r4, r5, r6, r7, r8, r9, sl, fp, lr}
10000d14:	4c36      	ldr	r4, [pc, #216]	@ (10000df0 <runtime_init_default_alarm_pool+0xe0>)
10000d16:	6925      	ldr	r5, [r4, #16]
10000d18:	b12d      	cbz	r5, 10000d26 <runtime_init_default_alarm_pool+0x16>
10000d1a:	e8bd 4ff8 	ldmia.w	sp!, {r3, r4, r5, r6, r7, r8, r9, sl, fp, lr}
10000d1e:	210a      	movs	r1, #10
10000d20:	4834      	ldr	r0, [pc, #208]	@ (10000df4 <runtime_init_default_alarm_pool+0xe4>)
10000d22:	f7ff be33 	b.w	1000098c <lock_init>
10000d26:	f8df 80e4 	ldr.w	r8, [pc, #228]	@ 10000e0c <runtime_init_default_alarm_pool+0xfc>
10000d2a:	2103      	movs	r1, #3
10000d2c:	4640      	mov	r0, r8
10000d2e:	f000 f9e5 	bl	100010fc <timer_hardware_alarm_claim>
10000d32:	2603      	movs	r6, #3
10000d34:	f8c4 800c 	str.w	r8, [r4, #12]
10000d38:	f7ff fd92 	bl	10000860 <next_striped_spin_lock_num>
10000d3c:	f04f 4c50 	mov.w	ip, #3489660928	@ 0xd0000000
10000d40:	4b2d      	ldr	r3, [pc, #180]	@ (10000df8 <runtime_init_default_alarm_pool+0xe8>)
10000d42:	7026      	strb	r6, [r4, #0]
10000d44:	4403      	add	r3, r0
10000d46:	6123      	str	r3, [r4, #16]
10000d48:	f8dc 3000 	ldr.w	r3, [ip]
10000d4c:	210f      	movs	r1, #15
10000d4e:	7063      	strb	r3, [r4, #1]
10000d50:	6963      	ldr	r3, [r4, #20]
10000d52:	8061      	strh	r1, [r4, #2]
10000d54:	831d      	strh	r5, [r3, #24]
10000d56:	f04f 0504 	mov.w	r5, #4
10000d5a:	f8a3 5078 	strh.w	r5, [r3, #120]	@ 0x78
10000d5e:	f04f 0505 	mov.w	r5, #5
10000d62:	f8a3 5090 	strh.w	r5, [r3, #144]	@ 0x90
10000d66:	f04f 0506 	mov.w	r5, #6
10000d6a:	f8a3 50a8 	strh.w	r5, [r3, #168]	@ 0xa8
10000d6e:	f04f 0507 	mov.w	r5, #7
10000d72:	210e      	movs	r1, #14
10000d74:	f64f 72ff 	movw	r2, #65535	@ 0xffff
10000d78:	2708      	movs	r7, #8
10000d7a:	f04f 0e0a 	mov.w	lr, #10
10000d7e:	f8a3 50c0 	strh.w	r5, [r3, #192]	@ 0xc0
10000d82:	f04f 0901 	mov.w	r9, #1
10000d86:	f04f 0c0c 	mov.w	ip, #12
10000d8a:	f04f 0b02 	mov.w	fp, #2
10000d8e:	f04f 0a09 	mov.w	sl, #9
10000d92:	200d      	movs	r0, #13
10000d94:	f04f 050b 	mov.w	r5, #11
10000d98:	f8a3 1168 	strh.w	r1, [r3, #360]	@ 0x168
10000d9c:	4917      	ldr	r1, [pc, #92]	@ (10000dfc <runtime_init_default_alarm_pool+0xec>)
10000d9e:	80a2      	strh	r2, [r4, #4]
10000da0:	f8a3 e108 	strh.w	lr, [r3, #264]	@ 0x108
10000da4:	60a1      	str	r1, [r4, #8]
10000da6:	f8a3 b048 	strh.w	fp, [r3, #72]	@ 0x48
10000daa:	f8a3 a0f0 	strh.w	sl, [r3, #240]	@ 0xf0
10000dae:	f8a3 5120 	strh.w	r5, [r3, #288]	@ 0x120
10000db2:	f8a3 c138 	strh.w	ip, [r3, #312]	@ 0x138
10000db6:	f8a3 0150 	strh.w	r0, [r3, #336]	@ 0x150
10000dba:	f8a3 9030 	strh.w	r9, [r3, #48]	@ 0x30
10000dbe:	f8a3 6060 	strh.w	r6, [r3, #96]	@ 0x60
10000dc2:	f8a3 70d8 	strh.w	r7, [r3, #216]	@ 0xd8
10000dc6:	801a      	strh	r2, [r3, #0]
10000dc8:	4b0d      	ldr	r3, [pc, #52]	@ (10000e00 <runtime_init_default_alarm_pool+0xf0>)
10000dca:	4630      	mov	r0, r6
10000dcc:	f8c8 7020 	str.w	r7, [r8, #32]
10000dd0:	490c      	ldr	r1, [pc, #48]	@ (10000e04 <runtime_init_default_alarm_pool+0xf4>)
10000dd2:	60dc      	str	r4, [r3, #12]
10000dd4:	f7ff fdaa 	bl	1000092c <irq_set_exclusive_handler>
10000dd8:	4649      	mov	r1, r9
10000dda:	4630      	mov	r0, r6
10000ddc:	f7ff fd80 	bl	100008e0 <irq_set_enabled>
10000de0:	4b09      	ldr	r3, [pc, #36]	@ (10000e08 <runtime_init_default_alarm_pool+0xf8>)
10000de2:	210a      	movs	r1, #10
10000de4:	641f      	str	r7, [r3, #64]	@ 0x40
10000de6:	4803      	ldr	r0, [pc, #12]	@ (10000df4 <runtime_init_default_alarm_pool+0xe4>)
10000de8:	e8bd 4ff8 	ldmia.w	sp!, {r3, r4, r5, r6, r7, r8, r9, sl, fp, lr}
10000dec:	f7ff bdce 	b.w	1000098c <lock_init>
10000df0:	20000334 	.word	0x20000334
10000df4:	20020d5c 	.word	0x20020d5c
10000df8:	20000690 	.word	0x20000690
10000dfc:	0010ffff 	.word	0x0010ffff
10000e00:	20020d3c 	.word	0x20020d3c
10000e04:	10000a21 	.word	0x10000a21
10000e08:	400b2000 	.word	0x400b2000
10000e0c:	400b0000 	.word	0x400b0000

10000e10 <alarm_pool_add_alarm_at_force_in_context>:
10000e10:	4601      	mov	r1, r0
10000e12:	b5f0      	push	{r4, r5, r6, r7, lr}
10000e14:	6900      	ldr	r0, [r0, #16]
10000e16:	f3ef 8710 	mrs	r7, PRIMASK
10000e1a:	b672      	cpsid	i
10000e1c:	e8d0 5fcf 	ldaexb	r5, [r0]
10000e20:	2401      	movs	r4, #1
10000e22:	2d00      	cmp	r5, #0
10000e24:	d1fa      	bne.n	10000e1c <alarm_pool_add_alarm_at_force_in_context+0xc>
10000e26:	e8c0 4f45 	strexb	r5, r4, [r0]
10000e2a:	2d00      	cmp	r5, #0
10000e2c:	d1f6      	bne.n	10000e1c <alarm_pool_add_alarm_at_force_in_context+0xc>
10000e2e:	f3bf 8f5f 	dmb	sy
10000e32:	f9b1 e002 	ldrsh.w	lr, [r1, #2]
10000e36:	694c      	ldr	r4, [r1, #20]
10000e38:	eb0e 0c4e 	add.w	ip, lr, lr, lsl #1
10000e3c:	f1be 0f00 	cmp.w	lr, #0
10000e40:	ea4f 05cc 	mov.w	r5, ip, lsl #3
10000e44:	eb04 0ccc 	add.w	ip, r4, ip, lsl #3
10000e48:	db3d      	blt.n	10000ec6 <alarm_pool_add_alarm_at_force_in_context+0xb6>
10000e4a:	5b60      	ldrh	r0, [r4, r5]
10000e4c:	2600      	movs	r6, #0
10000e4e:	8048      	strh	r0, [r1, #2]
10000e50:	6908      	ldr	r0, [r1, #16]
10000e52:	e8c0 6f8f 	stlb	r6, [r0]
10000e56:	f387 8810 	msr	PRIMASK, r7
10000e5a:	f8bc 0002 	ldrh.w	r0, [ip, #2]
10000e5e:	e9cc 2302 	strd	r2, r3, [ip, #8]
10000e62:	3001      	adds	r0, #1
10000e64:	f3c0 000e 	ubfx	r0, r0, #0, #15
10000e68:	2801      	cmp	r0, #1
10000e6a:	bf38      	it	cc
10000e6c:	2001      	movcc	r0, #1
10000e6e:	9b05      	ldr	r3, [sp, #20]
10000e70:	f8ac 0002 	strh.w	r0, [ip, #2]
10000e74:	f8cc 3010 	str.w	r3, [ip, #16]
10000e78:	9b06      	ldr	r3, [sp, #24]
10000e7a:	ea40 400e 	orr.w	r0, r0, lr, lsl #16
10000e7e:	f8cc 3014 	str.w	r3, [ip, #20]
10000e82:	690b      	ldr	r3, [r1, #16]
10000e84:	f3ef 8210 	mrs	r2, PRIMASK
10000e88:	b672      	cpsid	i
10000e8a:	e8d3 cfcf 	ldaexb	ip, [r3]
10000e8e:	2701      	movs	r7, #1
10000e90:	f1bc 0f00 	cmp.w	ip, #0
10000e94:	d1f9      	bne.n	10000e8a <alarm_pool_add_alarm_at_force_in_context+0x7a>
10000e96:	e8c3 7f4c 	strexb	ip, r7, [r3]
10000e9a:	f1bc 0f00 	cmp.w	ip, #0
10000e9e:	d1f4      	bne.n	10000e8a <alarm_pool_add_alarm_at_force_in_context+0x7a>
10000ea0:	f3bf 8f5f 	dmb	sy
10000ea4:	888b      	ldrh	r3, [r1, #4]
10000ea6:	5363      	strh	r3, [r4, r5]
10000ea8:	f8a1 e004 	strh.w	lr, [r1, #4]
10000eac:	690b      	ldr	r3, [r1, #16]
10000eae:	e8c3 6f8f 	stlb	r6, [r3]
10000eb2:	f382 8810 	msr	PRIMASK, r2
10000eb6:	2201      	movs	r2, #1
10000eb8:	68cb      	ldr	r3, [r1, #12]
10000eba:	7809      	ldrb	r1, [r1, #0]
10000ebc:	f503 5301 	add.w	r3, r3, #8256	@ 0x2040
10000ec0:	408a      	lsls	r2, r1
10000ec2:	605a      	str	r2, [r3, #4]
10000ec4:	bdf0      	pop	{r4, r5, r6, r7, pc}
10000ec6:	2300      	movs	r3, #0
10000ec8:	690a      	ldr	r2, [r1, #16]
10000eca:	e8c2 3f8f 	stlb	r3, [r2]
10000ece:	f387 8810 	msr	PRIMASK, r7
10000ed2:	f04f 30ff 	mov.w	r0, #4294967295	@ 0xffffffff
10000ed6:	bdf0      	pop	{r4, r5, r6, r7, pc}

10000ed8 <alarm_pool_cancel_alarm>:
10000ed8:	4603      	mov	r3, r0
10000eda:	8940      	ldrh	r0, [r0, #10]
10000edc:	ebb0 4f21 	cmp.w	r0, r1, asr #16
10000ee0:	dd37      	ble.n	10000f52 <alarm_pool_cancel_alarm+0x7a>
10000ee2:	6958      	ldr	r0, [r3, #20]
10000ee4:	140a      	asrs	r2, r1, #16
10000ee6:	eb02 0242 	add.w	r2, r2, r2, lsl #1
10000eea:	b510      	push	{r4, lr}
10000eec:	eb00 00c2 	add.w	r0, r0, r2, lsl #3
10000ef0:	691c      	ldr	r4, [r3, #16]
10000ef2:	f3ef 8c10 	mrs	ip, PRIMASK
10000ef6:	b672      	cpsid	i
10000ef8:	e8d4 efcf 	ldaexb	lr, [r4]
10000efc:	2201      	movs	r2, #1
10000efe:	f1be 0f00 	cmp.w	lr, #0
10000f02:	d1f9      	bne.n	10000ef8 <alarm_pool_cancel_alarm+0x20>
10000f04:	e8c4 2f4e 	strexb	lr, r2, [r4]
10000f08:	f1be 0f00 	cmp.w	lr, #0
10000f0c:	d1f4      	bne.n	10000ef8 <alarm_pool_cancel_alarm+0x20>
10000f0e:	f3bf 8f5f 	dmb	sy
10000f12:	8842      	ldrh	r2, [r0, #2]
10000f14:	b289      	uxth	r1, r1
10000f16:	b292      	uxth	r2, r2
10000f18:	428a      	cmp	r2, r1
10000f1a:	d007      	beq.n	10000f2c <alarm_pool_cancel_alarm+0x54>
10000f1c:	2200      	movs	r2, #0
10000f1e:	691b      	ldr	r3, [r3, #16]
10000f20:	e8c3 2f8f 	stlb	r2, [r3]
10000f24:	f38c 8810 	msr	PRIMASK, ip
10000f28:	2000      	movs	r0, #0
10000f2a:	bd10      	pop	{r4, pc}
10000f2c:	f442 4200 	orr.w	r2, r2, #32768	@ 0x8000
10000f30:	8042      	strh	r2, [r0, #2]
10000f32:	2101      	movs	r1, #1
10000f34:	2200      	movs	r2, #0
10000f36:	6918      	ldr	r0, [r3, #16]
10000f38:	7199      	strb	r1, [r3, #6]
10000f3a:	e8c0 2f8f 	stlb	r2, [r0]
10000f3e:	f38c 8810 	msr	PRIMASK, ip
10000f42:	781c      	ldrb	r4, [r3, #0]
10000f44:	68da      	ldr	r2, [r3, #12]
10000f46:	4608      	mov	r0, r1
10000f48:	f502 5301 	add.w	r3, r2, #8256	@ 0x2040
10000f4c:	40a1      	lsls	r1, r4
10000f4e:	6059      	str	r1, [r3, #4]
10000f50:	bd10      	pop	{r4, pc}
10000f52:	2000      	movs	r0, #0
10000f54:	4770      	bx	lr
10000f56:	bf00      	nop

10000f58 <sleep_until>:
10000f58:	e92d 41f0 	stmdb	sp!, {r4, r5, r6, r7, r8, lr}
10000f5c:	1f86      	subs	r6, r0, #6
10000f5e:	f141 35ff 	adc.w	r5, r1, #4294967295	@ 0xffffffff
10000f62:	42b0      	cmp	r0, r6
10000f64:	eb71 0305 	sbcs.w	r3, r1, r5
10000f68:	bf38      	it	cc
10000f6a:	2600      	movcc	r6, #0
10000f6c:	b082      	sub	sp, #8
10000f6e:	bf38      	it	cc
10000f70:	4635      	movcc	r5, r6
10000f72:	4604      	mov	r4, r0
10000f74:	460f      	mov	r7, r1
10000f76:	f000 f8db 	bl	10001130 <time_us_64>
10000f7a:	1a30      	subs	r0, r6, r0
10000f7c:	eb65 0301 	sbc.w	r3, r5, r1
10000f80:	2801      	cmp	r0, #1
10000f82:	f173 0300 	sbcs.w	r3, r3, #0
10000f86:	da06      	bge.n	10000f96 <sleep_until+0x3e>
10000f88:	4620      	mov	r0, r4
10000f8a:	4639      	mov	r1, r7
10000f8c:	b002      	add	sp, #8
10000f8e:	e8bd 41f0 	ldmia.w	sp!, {r4, r5, r6, r7, r8, lr}
10000f92:	f000 b909 	b.w	100011a8 <busy_wait_until>
10000f96:	f000 f8cb 	bl	10001130 <time_us_64>
10000f9a:	4286      	cmp	r6, r0
10000f9c:	eb65 0101 	sbc.w	r1, r5, r1
10000fa0:	2900      	cmp	r1, #0
10000fa2:	db0a      	blt.n	10000fba <sleep_until+0x62>
10000fa4:	2100      	movs	r1, #0
10000fa6:	4b17      	ldr	r3, [pc, #92]	@ (10001004 <sleep_until+0xac>)
10000fa8:	4632      	mov	r2, r6
10000faa:	9300      	str	r3, [sp, #0]
10000fac:	4816      	ldr	r0, [pc, #88]	@ (10001008 <sleep_until+0xb0>)
10000fae:	462b      	mov	r3, r5
10000fb0:	9101      	str	r1, [sp, #4]
10000fb2:	f7ff ff2d 	bl	10000e10 <alarm_pool_add_alarm_at_force_in_context>
10000fb6:	2800      	cmp	r0, #0
10000fb8:	dbe6      	blt.n	10000f88 <sleep_until+0x30>
10000fba:	f04f 0c00 	mov.w	ip, #0
10000fbe:	4813      	ldr	r0, [pc, #76]	@ (1000100c <sleep_until+0xb4>)
10000fc0:	4a13      	ldr	r2, [pc, #76]	@ (10001010 <sleep_until+0xb8>)
10000fc2:	6a43      	ldr	r3, [r0, #36]	@ 0x24
10000fc4:	429d      	cmp	r5, r3
10000fc6:	d804      	bhi.n	10000fd2 <sleep_until+0x7a>
10000fc8:	6a81      	ldr	r1, [r0, #40]	@ 0x28
10000fca:	42b1      	cmp	r1, r6
10000fcc:	d2dc      	bcs.n	10000f88 <sleep_until+0x30>
10000fce:	429d      	cmp	r5, r3
10000fd0:	d1da      	bne.n	10000f88 <sleep_until+0x30>
10000fd2:	6813      	ldr	r3, [r2, #0]
10000fd4:	f3ef 8110 	mrs	r1, PRIMASK
10000fd8:	b672      	cpsid	i
10000fda:	e8d3 8fcf 	ldaexb	r8, [r3]
10000fde:	f05f 0e01 	movs.w	lr, #1
10000fe2:	f1b8 0f00 	cmp.w	r8, #0
10000fe6:	d1f8      	bne.n	10000fda <sleep_until+0x82>
10000fe8:	e8c3 ef48 	strexb	r8, lr, [r3]
10000fec:	f1b8 0f00 	cmp.w	r8, #0
10000ff0:	d1f3      	bne.n	10000fda <sleep_until+0x82>
10000ff2:	f3bf 8f5f 	dmb	sy
10000ff6:	6813      	ldr	r3, [r2, #0]
10000ff8:	e8c3 cf8f 	stlb	ip, [r3]
10000ffc:	f381 8810 	msr	PRIMASK, r1
10001000:	bf20      	wfe
10001002:	e7de      	b.n	10000fc2 <sleep_until+0x6a>
10001004:	100009e5 	.word	0x100009e5
10001008:	20000334 	.word	0x20000334
1000100c:	400b0000 	.word	0x400b0000
10001010:	20020d5c 	.word	0x20020d5c

10001014 <sleep_ms>:
10001014:	b510      	push	{r4, lr}
10001016:	4604      	mov	r4, r0
10001018:	f000 f88a 	bl	10001130 <time_us_64>
1000101c:	f44f 737a 	mov.w	r3, #1000	@ 0x3e8
10001020:	f04f 3cff 	mov.w	ip, #4294967295	@ 0xffffffff
10001024:	f06f 4200 	mvn.w	r2, #2147483648	@ 0x80000000
10001028:	fbe4 0103 	umlal	r0, r1, r4, r3
1000102c:	e8bd 4010 	ldmia.w	sp!, {r4, lr}
10001030:	4584      	cmp	ip, r0
10001032:	eb72 0301 	sbcs.w	r3, r2, r1
10001036:	bf3c      	itt	cc
10001038:	4660      	movcc	r0, ip
1000103a:	4611      	movcc	r1, r2
1000103c:	f7ff bf8c 	b.w	10000f58 <sleep_until>

10001040 <best_effort_wfe_or_timeout>:
10001040:	e92d 43f0 	stmdb	sp!, {r4, r5, r6, r7, r8, r9, lr}
10001044:	4606      	mov	r6, r0
10001046:	460d      	mov	r5, r1
10001048:	b083      	sub	sp, #12
1000104a:	f3ef 8405 	mrs	r4, IPSR
1000104e:	b2e4      	uxtb	r4, r4
10001050:	b13c      	cbz	r4, 10001062 <best_effort_wfe_or_timeout+0x22>
10001052:	4b27      	ldr	r3, [pc, #156]	@ (100010f0 <best_effort_wfe_or_timeout+0xb0>)
10001054:	6a58      	ldr	r0, [r3, #36]	@ 0x24
10001056:	42a8      	cmp	r0, r5
10001058:	d21c      	bcs.n	10001094 <best_effort_wfe_or_timeout+0x54>
1000105a:	2000      	movs	r0, #0
1000105c:	b003      	add	sp, #12
1000105e:	e8bd 83f0 	ldmia.w	sp!, {r4, r5, r6, r7, r8, r9, pc}
10001062:	4f24      	ldr	r7, [pc, #144]	@ (100010f4 <best_effort_wfe_or_timeout+0xb4>)
10001064:	f8d7 900c 	ldr.w	r9, [r7, #12]
10001068:	f897 8000 	ldrb.w	r8, [r7]
1000106c:	4648      	mov	r0, r9
1000106e:	f000 f857 	bl	10001120 <timer_time_us_64>
10001072:	f108 0804 	add.w	r8, r8, #4
10001076:	f859 3028 	ldr.w	r3, [r9, r8, lsl #2]
1000107a:	1a1b      	subs	r3, r3, r0
1000107c:	1a30      	subs	r0, r6, r0
1000107e:	eb65 0101 	sbc.w	r1, r5, r1
10001082:	4298      	cmp	r0, r3
10001084:	f171 0100 	sbcs.w	r1, r1, #0
10001088:	db11      	blt.n	100010ae <best_effort_wfe_or_timeout+0x6e>
1000108a:	bf20      	wfe
1000108c:	4b18      	ldr	r3, [pc, #96]	@ (100010f0 <best_effort_wfe_or_timeout+0xb0>)
1000108e:	6a58      	ldr	r0, [r3, #36]	@ 0x24
10001090:	42a8      	cmp	r0, r5
10001092:	d3e2      	bcc.n	1000105a <best_effort_wfe_or_timeout+0x1a>
10001094:	6a9b      	ldr	r3, [r3, #40]	@ 0x28
10001096:	42b3      	cmp	r3, r6
10001098:	d303      	bcc.n	100010a2 <best_effort_wfe_or_timeout+0x62>
1000109a:	2001      	movs	r0, #1
1000109c:	b003      	add	sp, #12
1000109e:	e8bd 83f0 	ldmia.w	sp!, {r4, r5, r6, r7, r8, r9, pc}
100010a2:	1b40      	subs	r0, r0, r5
100010a4:	bf18      	it	ne
100010a6:	2001      	movne	r0, #1
100010a8:	b003      	add	sp, #12
100010aa:	e8bd 83f0 	ldmia.w	sp!, {r4, r5, r6, r7, r8, r9, pc}
100010ae:	f000 f83f 	bl	10001130 <time_us_64>
100010b2:	4286      	cmp	r6, r0
100010b4:	eb65 0101 	sbc.w	r1, r5, r1
100010b8:	2900      	cmp	r1, #0
100010ba:	dbca      	blt.n	10001052 <best_effort_wfe_or_timeout+0x12>
100010bc:	4b0e      	ldr	r3, [pc, #56]	@ (100010f8 <best_effort_wfe_or_timeout+0xb8>)
100010be:	4638      	mov	r0, r7
100010c0:	e9cd 3400 	strd	r3, r4, [sp]
100010c4:	4632      	mov	r2, r6
100010c6:	462b      	mov	r3, r5
100010c8:	f7ff fea2 	bl	10000e10 <alarm_pool_add_alarm_at_force_in_context>
100010cc:	1e01      	subs	r1, r0, #0
100010ce:	ddc0      	ble.n	10001052 <best_effort_wfe_or_timeout+0x12>
100010d0:	4b07      	ldr	r3, [pc, #28]	@ (100010f0 <best_effort_wfe_or_timeout+0xb0>)
100010d2:	6a5a      	ldr	r2, [r3, #36]	@ 0x24
100010d4:	42aa      	cmp	r2, r5
100010d6:	d308      	bcc.n	100010ea <best_effort_wfe_or_timeout+0xaa>
100010d8:	6a9b      	ldr	r3, [r3, #40]	@ 0x28
100010da:	42b3      	cmp	r3, r6
100010dc:	d303      	bcc.n	100010e6 <best_effort_wfe_or_timeout+0xa6>
100010de:	4805      	ldr	r0, [pc, #20]	@ (100010f4 <best_effort_wfe_or_timeout+0xb4>)
100010e0:	f7ff fefa 	bl	10000ed8 <alarm_pool_cancel_alarm>
100010e4:	e7b5      	b.n	10001052 <best_effort_wfe_or_timeout+0x12>
100010e6:	42aa      	cmp	r2, r5
100010e8:	d1f9      	bne.n	100010de <best_effort_wfe_or_timeout+0x9e>
100010ea:	bf20      	wfe
100010ec:	e7f7      	b.n	100010de <best_effort_wfe_or_timeout+0x9e>
100010ee:	bf00      	nop
100010f0:	400b0000 	.word	0x400b0000
100010f4:	20000334 	.word	0x20000334
100010f8:	100009e5 	.word	0x100009e5

100010fc <timer_hardware_alarm_claim>:
100010fc:	b410      	push	{r4}
100010fe:	4b05      	ldr	r3, [pc, #20]	@ (10001114 <timer_hardware_alarm_claim+0x18>)
10001100:	4c05      	ldr	r4, [pc, #20]	@ (10001118 <timer_hardware_alarm_claim+0x1c>)
10001102:	4a06      	ldr	r2, [pc, #24]	@ (1000111c <timer_hardware_alarm_claim+0x20>)
10001104:	42a0      	cmp	r0, r4
10001106:	bf14      	ite	ne
10001108:	4618      	movne	r0, r3
1000110a:	1c58      	addeq	r0, r3, #1
1000110c:	f85d 4b04 	ldr.w	r4, [sp], #4
10001110:	f7ff bb7a 	b.w	10000808 <hw_claim_or_assert>
10001114:	200006bc 	.word	0x200006bc
10001118:	400b8000 	.word	0x400b8000
1000111c:	10002264 	.word	0x10002264

10001120 <timer_time_us_64>:
10001120:	4603      	mov	r3, r0
10001122:	6a41      	ldr	r1, [r0, #36]	@ 0x24
10001124:	460a      	mov	r2, r1
10001126:	6a98      	ldr	r0, [r3, #40]	@ 0x28
10001128:	6a59      	ldr	r1, [r3, #36]	@ 0x24
1000112a:	428a      	cmp	r2, r1
1000112c:	d1fa      	bne.n	10001124 <timer_time_us_64+0x4>
1000112e:	4770      	bx	lr

10001130 <time_us_64>:
10001130:	4b03      	ldr	r3, [pc, #12]	@ (10001140 <time_us_64+0x10>)
10001132:	6a59      	ldr	r1, [r3, #36]	@ 0x24
10001134:	460a      	mov	r2, r1
10001136:	6a98      	ldr	r0, [r3, #40]	@ 0x28
10001138:	6a59      	ldr	r1, [r3, #36]	@ 0x24
1000113a:	4291      	cmp	r1, r2
1000113c:	d1fa      	bne.n	10001134 <time_us_64+0x4>
1000113e:	4770      	bx	lr
10001140:	400b0000 	.word	0x400b0000

10001144 <busy_wait_us>:
10001144:	b410      	push	{r4}
10001146:	4a17      	ldr	r2, [pc, #92]	@ (100011a4 <busy_wait_us+0x60>)
10001148:	6a53      	ldr	r3, [r2, #36]	@ 0x24
1000114a:	469c      	mov	ip, r3
1000114c:	6a94      	ldr	r4, [r2, #40]	@ 0x28
1000114e:	6a53      	ldr	r3, [r2, #36]	@ 0x24
10001150:	4563      	cmp	r3, ip
10001152:	d1fa      	bne.n	1000114a <busy_wait_us+0x6>
10001154:	1900      	adds	r0, r0, r4
10001156:	4159      	adcs	r1, r3
10001158:	f04f 0200 	mov.w	r2, #0
1000115c:	bf28      	it	cs
1000115e:	2201      	movcs	r2, #1
10001160:	4603      	mov	r3, r0
10001162:	b1ca      	cbz	r2, 10001198 <busy_wait_us+0x54>
10001164:	4b0f      	ldr	r3, [pc, #60]	@ (100011a4 <busy_wait_us+0x60>)
10001166:	6a59      	ldr	r1, [r3, #36]	@ 0x24
10001168:	1c4b      	adds	r3, r1, #1
1000116a:	bf08      	it	eq
1000116c:	460b      	moveq	r3, r1
1000116e:	d008      	beq.n	10001182 <busy_wait_us+0x3e>
10001170:	f04f 31ff 	mov.w	r1, #4294967295	@ 0xffffffff
10001174:	460b      	mov	r3, r1
10001176:	480b      	ldr	r0, [pc, #44]	@ (100011a4 <busy_wait_us+0x60>)
10001178:	6a42      	ldr	r2, [r0, #36]	@ 0x24
1000117a:	428a      	cmp	r2, r1
1000117c:	d3fc      	bcc.n	10001178 <busy_wait_us+0x34>
1000117e:	428a      	cmp	r2, r1
10001180:	d107      	bne.n	10001192 <busy_wait_us+0x4e>
10001182:	4a08      	ldr	r2, [pc, #32]	@ (100011a4 <busy_wait_us+0x60>)
10001184:	e002      	b.n	1000118c <busy_wait_us+0x48>
10001186:	6a50      	ldr	r0, [r2, #36]	@ 0x24
10001188:	4288      	cmp	r0, r1
1000118a:	d102      	bne.n	10001192 <busy_wait_us+0x4e>
1000118c:	6a90      	ldr	r0, [r2, #40]	@ 0x28
1000118e:	4298      	cmp	r0, r3
10001190:	d3f9      	bcc.n	10001186 <busy_wait_us+0x42>
10001192:	f85d 4b04 	ldr.w	r4, [sp], #4
10001196:	4770      	bx	lr
10001198:	4a02      	ldr	r2, [pc, #8]	@ (100011a4 <busy_wait_us+0x60>)
1000119a:	6a52      	ldr	r2, [r2, #36]	@ 0x24
1000119c:	4291      	cmp	r1, r2
1000119e:	d8ea      	bhi.n	10001176 <busy_wait_us+0x32>
100011a0:	e7ed      	b.n	1000117e <busy_wait_us+0x3a>
100011a2:	bf00      	nop
100011a4:	400b0000 	.word	0x400b0000

100011a8 <busy_wait_until>:
100011a8:	4a07      	ldr	r2, [pc, #28]	@ (100011c8 <busy_wait_until+0x20>)
100011aa:	6a53      	ldr	r3, [r2, #36]	@ 0x24
100011ac:	4299      	cmp	r1, r3
100011ae:	d8fc      	bhi.n	100011aa <busy_wait_until+0x2>
100011b0:	4299      	cmp	r1, r3
100011b2:	d107      	bne.n	100011c4 <busy_wait_until+0x1c>
100011b4:	4b04      	ldr	r3, [pc, #16]	@ (100011c8 <busy_wait_until+0x20>)
100011b6:	e002      	b.n	100011be <busy_wait_until+0x16>
100011b8:	6a5a      	ldr	r2, [r3, #36]	@ 0x24
100011ba:	4291      	cmp	r1, r2
100011bc:	d102      	bne.n	100011c4 <busy_wait_until+0x1c>
100011be:	6a9a      	ldr	r2, [r3, #40]	@ 0x28
100011c0:	4282      	cmp	r2, r0
100011c2:	d3f9      	bcc.n	100011b8 <busy_wait_until+0x10>
100011c4:	4770      	bx	lr
100011c6:	bf00      	nop
100011c8:	400b0000 	.word	0x400b0000

100011cc <clock_configure_undivided>:
100011cc:	eb00 0c40 	add.w	ip, r0, r0, lsl #1
100011d0:	ea4f 0c8c 	mov.w	ip, ip, lsl #2
100011d4:	f10c 4c80 	add.w	ip, ip, #1073741824	@ 0x40000000
100011d8:	f50c 3c80 	add.w	ip, ip, #65536	@ 0x10000
100011dc:	b5f0      	push	{r4, r5, r6, r7, lr}
100011de:	4616      	mov	r6, r2
100011e0:	f8dc 2004 	ldr.w	r2, [ip, #4]
100011e4:	1f05      	subs	r5, r0, #4
100011e6:	f5b2 3f80 	cmp.w	r2, #65536	@ 0x10000
100011ea:	bf38      	it	cc
100011ec:	f44f 3280 	movcc.w	r2, #65536	@ 0x10000
100011f0:	b2ed      	uxtb	r5, r5
100011f2:	bf38      	it	cc
100011f4:	f8cc 2004 	strcc.w	r2, [ip, #4]
100011f8:	2d01      	cmp	r5, #1
100011fa:	d92a      	bls.n	10001252 <clock_configure_undivided+0x86>
100011fc:	f44f 6700 	mov.w	r7, #2048	@ 0x800
10001200:	4c25      	ldr	r4, [pc, #148]	@ (10001298 <clock_configure_undivided+0xcc>)
10001202:	f50c 5240 	add.w	r2, ip, #12288	@ 0x3000
10001206:	6017      	str	r7, [r2, #0]
10001208:	f854 2020 	ldr.w	r2, [r4, r0, lsl #2]
1000120c:	b9b2      	cbnz	r2, 1000123c <clock_configure_undivided+0x70>
1000120e:	f8dc 2000 	ldr.w	r2, [ip]
10001212:	2d01      	cmp	r5, #1
10001214:	ea82 1246 	eor.w	r2, r2, r6, lsl #5
10001218:	f002 02e0 	and.w	r2, r2, #224	@ 0xe0
1000121c:	f50c 5680 	add.w	r6, ip, #4096	@ 0x1000
10001220:	6032      	str	r2, [r6, #0]
10001222:	d92a      	bls.n	1000127a <clock_configure_undivided+0xae>
10001224:	f44f 6100 	mov.w	r1, #2048	@ 0x800
10001228:	f844 3020 	str.w	r3, [r4, r0, lsl #2]
1000122c:	f44f 3380 	mov.w	r3, #65536	@ 0x10000
10001230:	f50c 5200 	add.w	r2, ip, #8192	@ 0x2000
10001234:	6011      	str	r1, [r2, #0]
10001236:	f8cc 3004 	str.w	r3, [ip, #4]
1000123a:	bdf0      	pop	{r4, r5, r6, r7, pc}
1000123c:	6967      	ldr	r7, [r4, #20]
1000123e:	fbb7 fef2 	udiv	lr, r7, r2
10001242:	f10e 0e01 	add.w	lr, lr, #1
10001246:	eb0e 0e4e 	add.w	lr, lr, lr, lsl #1
1000124a:	f1be 0e03 	subs.w	lr, lr, #3
1000124e:	d2fc      	bcs.n	1000124a <clock_configure_undivided+0x7e>
10001250:	e7dd      	b.n	1000120e <clock_configure_undivided+0x42>
10001252:	2901      	cmp	r1, #1
10001254:	d1d2      	bne.n	100011fc <clock_configure_undivided+0x30>
10001256:	2403      	movs	r4, #3
10001258:	f50c 5240 	add.w	r2, ip, #12288	@ 0x3000
1000125c:	6014      	str	r4, [r2, #0]
1000125e:	f8dc 2008 	ldr.w	r2, [ip, #8]
10001262:	07d2      	lsls	r2, r2, #31
10001264:	d5fb      	bpl.n	1000125e <clock_configure_undivided+0x92>
10001266:	f8dc 2000 	ldr.w	r2, [ip]
1000126a:	4c0b      	ldr	r4, [pc, #44]	@ (10001298 <clock_configure_undivided+0xcc>)
1000126c:	ea82 1246 	eor.w	r2, r2, r6, lsl #5
10001270:	f002 02e0 	and.w	r2, r2, #224	@ 0xe0
10001274:	f50c 5680 	add.w	r6, ip, #4096	@ 0x1000
10001278:	6032      	str	r2, [r6, #0]
1000127a:	2201      	movs	r2, #1
1000127c:	f8dc 5000 	ldr.w	r5, [ip]
10001280:	404d      	eors	r5, r1
10001282:	f005 0503 	and.w	r5, r5, #3
10001286:	6035      	str	r5, [r6, #0]
10001288:	fa02 f101 	lsl.w	r1, r2, r1
1000128c:	f8dc 2008 	ldr.w	r2, [ip, #8]
10001290:	420a      	tst	r2, r1
10001292:	d0fb      	beq.n	1000128c <clock_configure_undivided+0xc0>
10001294:	e7c6      	b.n	10001224 <clock_configure_undivided+0x58>
10001296:	bf00      	nop
10001298:	200006c0 	.word	0x200006c0

1000129c <clock_get_hz>:
1000129c:	4b01      	ldr	r3, [pc, #4]	@ (100012a4 <clock_get_hz+0x8>)
1000129e:	f853 0020 	ldr.w	r0, [r3, r0, lsl #2]
100012a2:	4770      	bx	lr
100012a4:	200006c0 	.word	0x200006c0

100012a8 <set_sys_clock_pll>:
100012a8:	4b58      	ldr	r3, [pc, #352]	@ (1000140c <set_sys_clock_pll+0x164>)
100012aa:	e92d 43f0 	stmdb	sp!, {r4, r5, r6, r7, r8, r9, lr}
100012ae:	6c1c      	ldr	r4, [r3, #64]	@ 0x40
100012b0:	4617      	mov	r7, r2
100012b2:	f5b4 3f80 	cmp.w	r4, #65536	@ 0x10000
100012b6:	bf38      	it	cc
100012b8:	f44f 3280 	movcc.w	r2, #65536	@ 0x10000
100012bc:	460e      	mov	r6, r1
100012be:	f04f 0103 	mov.w	r1, #3
100012c2:	4680      	mov	r8, r0
100012c4:	bf38      	it	cc
100012c6:	641a      	strcc	r2, [r3, #64]	@ 0x40
100012c8:	4a51      	ldr	r2, [pc, #324]	@ (10001410 <set_sys_clock_pll+0x168>)
100012ca:	4b50      	ldr	r3, [pc, #320]	@ (1000140c <set_sys_clock_pll+0x164>)
100012cc:	b083      	sub	sp, #12
100012ce:	63d1      	str	r1, [r2, #60]	@ 0x3c
100012d0:	6c5c      	ldr	r4, [r3, #68]	@ 0x44
100012d2:	07e5      	lsls	r5, r4, #31
100012d4:	d5fc      	bpl.n	100012d0 <set_sys_clock_pll+0x28>
100012d6:	6bda      	ldr	r2, [r3, #60]	@ 0x3c
100012d8:	494e      	ldr	r1, [pc, #312]	@ (10001414 <set_sys_clock_pll+0x16c>)
100012da:	f082 0220 	eor.w	r2, r2, #32
100012de:	f002 02e0 	and.w	r2, r2, #224	@ 0xe0
100012e2:	63ca      	str	r2, [r1, #60]	@ 0x3c
100012e4:	6bdb      	ldr	r3, [r3, #60]	@ 0x3c
100012e6:	4d49      	ldr	r5, [pc, #292]	@ (1000140c <set_sys_clock_pll+0x164>)
100012e8:	f083 0301 	eor.w	r3, r3, #1
100012ec:	f003 0303 	and.w	r3, r3, #3
100012f0:	63cb      	str	r3, [r1, #60]	@ 0x3c
100012f2:	6c6c      	ldr	r4, [r5, #68]	@ 0x44
100012f4:	07a4      	lsls	r4, r4, #30
100012f6:	d5fc      	bpl.n	100012f2 <set_sys_clock_pll+0x4a>
100012f8:	f44f 6200 	mov.w	r2, #2048	@ 0x800
100012fc:	f44f 3980 	mov.w	r9, #65536	@ 0x10000
10001300:	4b45      	ldr	r3, [pc, #276]	@ (10001418 <set_sys_clock_pll+0x170>)
10001302:	4c46      	ldr	r4, [pc, #280]	@ (1000141c <set_sys_clock_pll+0x174>)
10001304:	63da      	str	r2, [r3, #60]	@ 0x3c
10001306:	4b46      	ldr	r3, [pc, #280]	@ (10001420 <set_sys_clock_pll+0x178>)
10001308:	4642      	mov	r2, r8
1000130a:	6163      	str	r3, [r4, #20]
1000130c:	2101      	movs	r1, #1
1000130e:	4633      	mov	r3, r6
10001310:	f8c5 9040 	str.w	r9, [r5, #64]	@ 0x40
10001314:	4843      	ldr	r0, [pc, #268]	@ (10001424 <set_sys_clock_pll+0x17c>)
10001316:	9700      	str	r7, [sp, #0]
10001318:	f000 f956 	bl	100015c8 <pll_init>
1000131c:	f44f 6100 	mov.w	r1, #2048	@ 0x800
10001320:	6b6b      	ldr	r3, [r5, #52]	@ 0x34
10001322:	fb07 f606 	mul.w	r6, r7, r6
10001326:	454b      	cmp	r3, r9
10001328:	bf38      	it	cc
1000132a:	f8c5 9034 	strcc.w	r9, [r5, #52]	@ 0x34
1000132e:	4b38      	ldr	r3, [pc, #224]	@ (10001410 <set_sys_clock_pll+0x168>)
10001330:	6922      	ldr	r2, [r4, #16]
10001332:	fbb8 f6f6 	udiv	r6, r8, r6
10001336:	6319      	str	r1, [r3, #48]	@ 0x30
10001338:	b13a      	cbz	r2, 1000134a <set_sys_clock_pll+0xa2>
1000133a:	6963      	ldr	r3, [r4, #20]
1000133c:	fbb3 f3f2 	udiv	r3, r3, r2
10001340:	3301      	adds	r3, #1
10001342:	eb03 0343 	add.w	r3, r3, r3, lsl #1
10001346:	3b03      	subs	r3, #3
10001348:	d2fd      	bcs.n	10001346 <set_sys_clock_pll+0x9e>
1000134a:	4b30      	ldr	r3, [pc, #192]	@ (1000140c <set_sys_clock_pll+0x164>)
1000134c:	4931      	ldr	r1, [pc, #196]	@ (10001414 <set_sys_clock_pll+0x16c>)
1000134e:	6b1a      	ldr	r2, [r3, #48]	@ 0x30
10001350:	f002 02e0 	and.w	r2, r2, #224	@ 0xe0
10001354:	630a      	str	r2, [r1, #48]	@ 0x30
10001356:	6b1a      	ldr	r2, [r3, #48]	@ 0x30
10001358:	f082 0202 	eor.w	r2, r2, #2
1000135c:	f002 0203 	and.w	r2, r2, #3
10001360:	630a      	str	r2, [r1, #48]	@ 0x30
10001362:	6b99      	ldr	r1, [r3, #56]	@ 0x38
10001364:	0748      	lsls	r0, r1, #29
10001366:	d5fc      	bpl.n	10001362 <set_sys_clock_pll+0xba>
10001368:	f44f 6500 	mov.w	r5, #2048	@ 0x800
1000136c:	f44f 3280 	mov.w	r2, #65536	@ 0x10000
10001370:	4929      	ldr	r1, [pc, #164]	@ (10001418 <set_sys_clock_pll+0x170>)
10001372:	630d      	str	r5, [r1, #48]	@ 0x30
10001374:	492c      	ldr	r1, [pc, #176]	@ (10001428 <set_sys_clock_pll+0x180>)
10001376:	635a      	str	r2, [r3, #52]	@ 0x34
10001378:	6121      	str	r1, [r4, #16]
1000137a:	6c19      	ldr	r1, [r3, #64]	@ 0x40
1000137c:	4291      	cmp	r1, r2
1000137e:	f04f 0103 	mov.w	r1, #3
10001382:	bf38      	it	cc
10001384:	641a      	strcc	r2, [r3, #64]	@ 0x40
10001386:	4b22      	ldr	r3, [pc, #136]	@ (10001410 <set_sys_clock_pll+0x168>)
10001388:	4a20      	ldr	r2, [pc, #128]	@ (1000140c <set_sys_clock_pll+0x164>)
1000138a:	63d9      	str	r1, [r3, #60]	@ 0x3c
1000138c:	6c53      	ldr	r3, [r2, #68]	@ 0x44
1000138e:	07d9      	lsls	r1, r3, #31
10001390:	d5fc      	bpl.n	1000138c <set_sys_clock_pll+0xe4>
10001392:	6bd3      	ldr	r3, [r2, #60]	@ 0x3c
10001394:	4d1f      	ldr	r5, [pc, #124]	@ (10001414 <set_sys_clock_pll+0x16c>)
10001396:	f003 03e0 	and.w	r3, r3, #224	@ 0xe0
1000139a:	63eb      	str	r3, [r5, #60]	@ 0x3c
1000139c:	6bd3      	ldr	r3, [r2, #60]	@ 0x3c
1000139e:	491b      	ldr	r1, [pc, #108]	@ (1000140c <set_sys_clock_pll+0x164>)
100013a0:	f083 0301 	eor.w	r3, r3, #1
100013a4:	f003 0303 	and.w	r3, r3, #3
100013a8:	63eb      	str	r3, [r5, #60]	@ 0x3c
100013aa:	6c4b      	ldr	r3, [r1, #68]	@ 0x44
100013ac:	079b      	lsls	r3, r3, #30
100013ae:	d5fc      	bpl.n	100013aa <set_sys_clock_pll+0x102>
100013b0:	f44f 3380 	mov.w	r3, #65536	@ 0x10000
100013b4:	f44f 6500 	mov.w	r5, #2048	@ 0x800
100013b8:	4a17      	ldr	r2, [pc, #92]	@ (10001418 <set_sys_clock_pll+0x170>)
100013ba:	6166      	str	r6, [r4, #20]
100013bc:	63d5      	str	r5, [r2, #60]	@ 0x3c
100013be:	640b      	str	r3, [r1, #64]	@ 0x40
100013c0:	6cca      	ldr	r2, [r1, #76]	@ 0x4c
100013c2:	429a      	cmp	r2, r3
100013c4:	bf38      	it	cc
100013c6:	64cb      	strcc	r3, [r1, #76]	@ 0x4c
100013c8:	f44f 6100 	mov.w	r1, #2048	@ 0x800
100013cc:	4b10      	ldr	r3, [pc, #64]	@ (10001410 <set_sys_clock_pll+0x168>)
100013ce:	69a2      	ldr	r2, [r4, #24]
100013d0:	6499      	str	r1, [r3, #72]	@ 0x48
100013d2:	b13a      	cbz	r2, 100013e4 <set_sys_clock_pll+0x13c>
100013d4:	6963      	ldr	r3, [r4, #20]
100013d6:	fbb3 f3f2 	udiv	r3, r3, r2
100013da:	3301      	adds	r3, #1
100013dc:	eb03 0343 	add.w	r3, r3, r3, lsl #1
100013e0:	3b03      	subs	r3, #3
100013e2:	d2fd      	bcs.n	100013e0 <set_sys_clock_pll+0x138>
100013e4:	f44f 6000 	mov.w	r0, #2048	@ 0x800
100013e8:	f44f 3180 	mov.w	r1, #65536	@ 0x10000
100013ec:	4a07      	ldr	r2, [pc, #28]	@ (1000140c <set_sys_clock_pll+0x164>)
100013ee:	4d09      	ldr	r5, [pc, #36]	@ (10001414 <set_sys_clock_pll+0x16c>)
100013f0:	6c93      	ldr	r3, [r2, #72]	@ 0x48
100013f2:	f083 0340 	eor.w	r3, r3, #64	@ 0x40
100013f6:	f003 03e0 	and.w	r3, r3, #224	@ 0xe0
100013fa:	64ab      	str	r3, [r5, #72]	@ 0x48
100013fc:	4b06      	ldr	r3, [pc, #24]	@ (10001418 <set_sys_clock_pll+0x170>)
100013fe:	4d08      	ldr	r5, [pc, #32]	@ (10001420 <set_sys_clock_pll+0x178>)
10001400:	61a5      	str	r5, [r4, #24]
10001402:	6498      	str	r0, [r3, #72]	@ 0x48
10001404:	64d1      	str	r1, [r2, #76]	@ 0x4c
10001406:	b003      	add	sp, #12
10001408:	e8bd 83f0 	ldmia.w	sp!, {r4, r5, r6, r7, r8, r9, pc}
1000140c:	40010000 	.word	0x40010000
10001410:	40013000 	.word	0x40013000
10001414:	40011000 	.word	0x40011000
10001418:	40012000 	.word	0x40012000
1000141c:	200006c0 	.word	0x200006c0
10001420:	02dc6c00 	.word	0x02dc6c00
10001424:	40050000 	.word	0x40050000
10001428:	00b71b00 	.word	0x00b71b00

1000142c <check_sys_clock_khz>:
1000142c:	e92d 4ff0 	stmdb	sp!, {r4, r5, r6, r7, r8, r9, sl, fp, lr}
10001430:	f44f 78a0 	mov.w	r8, #320	@ 0x140
10001434:	4699      	mov	r9, r3
10001436:	b085      	sub	sp, #20
10001438:	e9cd 1202 	strd	r1, r2, [sp, #8]
1000143c:	4c5f      	ldr	r4, [pc, #380]	@ (100015bc <check_sys_clock_khz+0x190>)
1000143e:	f8df a184 	ldr.w	sl, [pc, #388]	@ 100015c4 <check_sys_clock_khz+0x198>
10001442:	4554      	cmp	r4, sl
10001444:	d90a      	bls.n	1000145c <check_sys_clock_khz+0x30>
10001446:	f108 38ff 	add.w	r8, r8, #4294967295	@ 0xffffffff
1000144a:	f5a4 543b 	sub.w	r4, r4, #11968	@ 0x2ec0
1000144e:	f1b8 0f0f 	cmp.w	r8, #15
10001452:	f1a4 0420 	sub.w	r4, r4, #32
10001456:	d1f4      	bne.n	10001442 <check_sys_clock_khz+0x16>
10001458:	2000      	movs	r0, #0
1000145a:	e069      	b.n	10001530 <check_sys_clock_khz+0x104>
1000145c:	2307      	movs	r3, #7
1000145e:	f504 2237 	add.w	r2, r4, #749568	@ 0xb7000
10001462:	9401      	str	r4, [sp, #4]
10001464:	fb03 f403 	mul.w	r4, r3, r3
10001468:	f502 72d8 	add.w	r2, r2, #432	@ 0x1b0
1000146c:	fbb2 fef4 	udiv	lr, r2, r4
10001470:	4570      	cmp	r0, lr
10001472:	f04f 0c01 	mov.w	ip, #1
10001476:	f04f 0702 	mov.w	r7, #2
1000147a:	f04f 0603 	mov.w	r6, #3
1000147e:	f04f 0504 	mov.w	r5, #4
10001482:	f04f 0105 	mov.w	r1, #5
10001486:	d03f      	beq.n	10001508 <check_sys_clock_khz+0xdc>
10001488:	f1b3 0e01 	subs.w	lr, r3, #1
1000148c:	f000 8094 	beq.w	100015b8 <check_sys_clock_khz+0x18c>
10001490:	fb0e f403 	mul.w	r4, lr, r3
10001494:	fbb2 fbf4 	udiv	fp, r2, r4
10001498:	4558      	cmp	r0, fp
1000149a:	d04c      	beq.n	10001536 <check_sys_clock_khz+0x10a>
1000149c:	b319      	cbz	r1, 100014e6 <check_sys_clock_khz+0xba>
1000149e:	fb01 f403 	mul.w	r4, r1, r3
100014a2:	fbb2 fbf4 	udiv	fp, r2, r4
100014a6:	4558      	cmp	r0, fp
100014a8:	d04f      	beq.n	1000154a <check_sys_clock_khz+0x11e>
100014aa:	b1e5      	cbz	r5, 100014e6 <check_sys_clock_khz+0xba>
100014ac:	fb05 f403 	mul.w	r4, r5, r3
100014b0:	fbb2 fbf4 	udiv	fp, r2, r4
100014b4:	4558      	cmp	r0, fp
100014b6:	d053      	beq.n	10001560 <check_sys_clock_khz+0x134>
100014b8:	b1ae      	cbz	r6, 100014e6 <check_sys_clock_khz+0xba>
100014ba:	fb06 f403 	mul.w	r4, r6, r3
100014be:	fbb2 fbf4 	udiv	fp, r2, r4
100014c2:	4558      	cmp	r0, fp
100014c4:	d057      	beq.n	10001576 <check_sys_clock_khz+0x14a>
100014c6:	b177      	cbz	r7, 100014e6 <check_sys_clock_khz+0xba>
100014c8:	fb07 f403 	mul.w	r4, r7, r3
100014cc:	fbb2 fbf4 	udiv	fp, r2, r4
100014d0:	4558      	cmp	r0, fp
100014d2:	d05b      	beq.n	1000158c <check_sys_clock_khz+0x160>
100014d4:	f1bc 0f00 	cmp.w	ip, #0
100014d8:	d005      	beq.n	100014e6 <check_sys_clock_khz+0xba>
100014da:	fb0c f403 	mul.w	r4, ip, r3
100014de:	fbb2 fbf4 	udiv	fp, r2, r4
100014e2:	4583      	cmp	fp, r0
100014e4:	d05d      	beq.n	100015a2 <check_sys_clock_khz+0x176>
100014e6:	4673      	mov	r3, lr
100014e8:	fb03 f403 	mul.w	r4, r3, r3
100014ec:	fbb2 fef4 	udiv	lr, r2, r4
100014f0:	4570      	cmp	r0, lr
100014f2:	f101 31ff 	add.w	r1, r1, #4294967295	@ 0xffffffff
100014f6:	f105 35ff 	add.w	r5, r5, #4294967295	@ 0xffffffff
100014fa:	f106 36ff 	add.w	r6, r6, #4294967295	@ 0xffffffff
100014fe:	f107 37ff 	add.w	r7, r7, #4294967295	@ 0xffffffff
10001502:	f10c 3cff 	add.w	ip, ip, #4294967295	@ 0xffffffff
10001506:	d1bf      	bne.n	10001488 <check_sys_clock_khz+0x5c>
10001508:	fb04 2410 	mls	r4, r4, r0, r2
1000150c:	2c00      	cmp	r4, #0
1000150e:	d1bb      	bne.n	10001488 <check_sys_clock_khz+0x5c>
10001510:	469e      	mov	lr, r3
10001512:	464a      	mov	r2, r9
10001514:	f8dd b008 	ldr.w	fp, [sp, #8]
10001518:	f8dd 900c 	ldr.w	r9, [sp, #12]
1000151c:	2001      	movs	r0, #1
1000151e:	4928      	ldr	r1, [pc, #160]	@ (100015c0 <check_sys_clock_khz+0x194>)
10001520:	fb01 f108 	mul.w	r1, r1, r8
10001524:	f8cb 1000 	str.w	r1, [fp]
10001528:	f8c9 3000 	str.w	r3, [r9]
1000152c:	f8c2 e000 	str.w	lr, [r2]
10001530:	b005      	add	sp, #20
10001532:	e8bd 8ff0 	ldmia.w	sp!, {r4, r5, r6, r7, r8, r9, sl, fp, pc}
10001536:	fb04 2410 	mls	r4, r4, r0, r2
1000153a:	2c00      	cmp	r4, #0
1000153c:	d1ae      	bne.n	1000149c <check_sys_clock_khz+0x70>
1000153e:	464a      	mov	r2, r9
10001540:	f8dd b008 	ldr.w	fp, [sp, #8]
10001544:	f8dd 900c 	ldr.w	r9, [sp, #12]
10001548:	e7e8      	b.n	1000151c <check_sys_clock_khz+0xf0>
1000154a:	fb04 2410 	mls	r4, r4, r0, r2
1000154e:	2c00      	cmp	r4, #0
10001550:	d1ab      	bne.n	100014aa <check_sys_clock_khz+0x7e>
10001552:	464a      	mov	r2, r9
10001554:	468e      	mov	lr, r1
10001556:	f8dd b008 	ldr.w	fp, [sp, #8]
1000155a:	f8dd 900c 	ldr.w	r9, [sp, #12]
1000155e:	e7dd      	b.n	1000151c <check_sys_clock_khz+0xf0>
10001560:	fb04 2410 	mls	r4, r4, r0, r2
10001564:	2c00      	cmp	r4, #0
10001566:	d1a7      	bne.n	100014b8 <check_sys_clock_khz+0x8c>
10001568:	464a      	mov	r2, r9
1000156a:	46ae      	mov	lr, r5
1000156c:	f8dd b008 	ldr.w	fp, [sp, #8]
10001570:	f8dd 900c 	ldr.w	r9, [sp, #12]
10001574:	e7d2      	b.n	1000151c <check_sys_clock_khz+0xf0>
10001576:	fb04 2410 	mls	r4, r4, r0, r2
1000157a:	2c00      	cmp	r4, #0
1000157c:	d1a3      	bne.n	100014c6 <check_sys_clock_khz+0x9a>
1000157e:	464a      	mov	r2, r9
10001580:	46b6      	mov	lr, r6
10001582:	f8dd b008 	ldr.w	fp, [sp, #8]
10001586:	f8dd 900c 	ldr.w	r9, [sp, #12]
1000158a:	e7c7      	b.n	1000151c <check_sys_clock_khz+0xf0>
1000158c:	fb04 2410 	mls	r4, r4, r0, r2
10001590:	2c00      	cmp	r4, #0
10001592:	d19f      	bne.n	100014d4 <check_sys_clock_khz+0xa8>
10001594:	464a      	mov	r2, r9
10001596:	46be      	mov	lr, r7
10001598:	f8dd b008 	ldr.w	fp, [sp, #8]
1000159c:	f8dd 900c 	ldr.w	r9, [sp, #12]
100015a0:	e7bc      	b.n	1000151c <check_sys_clock_khz+0xf0>
100015a2:	fb04 2410 	mls	r4, r4, r0, r2
100015a6:	2c00      	cmp	r4, #0
100015a8:	d19d      	bne.n	100014e6 <check_sys_clock_khz+0xba>
100015aa:	464a      	mov	r2, r9
100015ac:	46e6      	mov	lr, ip
100015ae:	f8dd b008 	ldr.w	fp, [sp, #8]
100015b2:	f8dd 900c 	ldr.w	r9, [sp, #12]
100015b6:	e7b1      	b.n	1000151c <check_sys_clock_khz+0xf0>
100015b8:	9c01      	ldr	r4, [sp, #4]
100015ba:	e744      	b.n	10001446 <check_sys_clock_khz+0x1a>
100015bc:	002f2650 	.word	0x002f2650
100015c0:	00b71b00 	.word	0x00b71b00
100015c4:	000cf850 	.word	0x000cf850

100015c8 <pll_init>:
100015c8:	b470      	push	{r4, r5, r6}
100015ca:	9d03      	ldr	r5, [sp, #12]
100015cc:	6804      	ldr	r4, [r0, #0]
100015ce:	032d      	lsls	r5, r5, #12
100015d0:	ea45 4503 	orr.w	r5, r5, r3, lsl #16
100015d4:	4b1b      	ldr	r3, [pc, #108]	@ (10001644 <pll_init+0x7c>)
100015d6:	2c00      	cmp	r4, #0
100015d8:	fbb3 f3f1 	udiv	r3, r3, r1
100015dc:	fbb2 f6f3 	udiv	r6, r2, r3
100015e0:	db1f      	blt.n	10001622 <pll_init+0x5a>
100015e2:	4a19      	ldr	r2, [pc, #100]	@ (10001648 <pll_init+0x80>)
100015e4:	4b19      	ldr	r3, [pc, #100]	@ (1000164c <pll_init+0x84>)
100015e6:	4290      	cmp	r0, r2
100015e8:	bf14      	ite	ne
100015ea:	f44f 4280 	movne.w	r2, #16384	@ 0x4000
100015ee:	f44f 4200 	moveq.w	r2, #32768	@ 0x8000
100015f2:	4c17      	ldr	r4, [pc, #92]	@ (10001650 <pll_init+0x88>)
100015f4:	601a      	str	r2, [r3, #0]
100015f6:	f503 5380 	add.w	r3, r3, #4096	@ 0x1000
100015fa:	601a      	str	r2, [r3, #0]
100015fc:	68a3      	ldr	r3, [r4, #8]
100015fe:	ea32 0303 	bics.w	r3, r2, r3
10001602:	d1fb      	bne.n	100015fc <pll_init+0x34>
10001604:	2221      	movs	r2, #33	@ 0x21
10001606:	f500 5340 	add.w	r3, r0, #12288	@ 0x3000
1000160a:	3304      	adds	r3, #4
1000160c:	6001      	str	r1, [r0, #0]
1000160e:	6086      	str	r6, [r0, #8]
10001610:	601a      	str	r2, [r3, #0]
10001612:	6802      	ldr	r2, [r0, #0]
10001614:	2a00      	cmp	r2, #0
10001616:	dafc      	bge.n	10001612 <pll_init+0x4a>
10001618:	2208      	movs	r2, #8
1000161a:	60c5      	str	r5, [r0, #12]
1000161c:	601a      	str	r2, [r3, #0]
1000161e:	bc70      	pop	{r4, r5, r6}
10001620:	4770      	bx	lr
10001622:	6803      	ldr	r3, [r0, #0]
10001624:	f003 033f 	and.w	r3, r3, #63	@ 0x3f
10001628:	428b      	cmp	r3, r1
1000162a:	d1da      	bne.n	100015e2 <pll_init+0x1a>
1000162c:	6883      	ldr	r3, [r0, #8]
1000162e:	f3c3 030b 	ubfx	r3, r3, #0, #12
10001632:	42b3      	cmp	r3, r6
10001634:	d1d5      	bne.n	100015e2 <pll_init+0x1a>
10001636:	68c3      	ldr	r3, [r0, #12]
10001638:	f403 23ee 	and.w	r3, r3, #487424	@ 0x77000
1000163c:	42ab      	cmp	r3, r5
1000163e:	d1d0      	bne.n	100015e2 <pll_init+0x1a>
10001640:	e7ed      	b.n	1000161e <pll_init+0x56>
10001642:	bf00      	nop
10001644:	00b71b00 	.word	0x00b71b00
10001648:	40058000 	.word	0x40058000
1000164c:	40022000 	.word	0x40022000
10001650:	40020000 	.word	0x40020000

10001654 <tick_start>:
10001654:	2301      	movs	r3, #1
10001656:	eb00 0040 	add.w	r0, r0, r0, lsl #1
1000165a:	0080      	lsls	r0, r0, #2
1000165c:	f100 4080 	add.w	r0, r0, #1073741824	@ 0x40000000
10001660:	f500 1084 	add.w	r0, r0, #1081344	@ 0x108000
10001664:	6041      	str	r1, [r0, #4]
10001666:	6003      	str	r3, [r0, #0]
10001668:	4770      	bx	lr
1000166a:	bf00      	nop

1000166c <rom_reboot.constprop.0.isra.0>:
1000166c:	2300      	movs	r3, #0
1000166e:	b570      	push	{r4, r5, r6, lr}
10001670:	8adb      	ldrh	r3, [r3, #22]
10001672:	4604      	mov	r4, r0
10001674:	460d      	mov	r5, r1
10001676:	2200      	movs	r2, #0
10001678:	e842 f200 	tt	r2, r2
1000167c:	0252      	lsls	r2, r2, #9
1000167e:	bf54      	ite	pl
10001680:	2110      	movpl	r1, #16
10001682:	2104      	movmi	r1, #4
10001684:	f244 2052 	movw	r0, #16978	@ 0x4252
10001688:	4798      	blx	r3
1000168a:	4686      	mov	lr, r0
1000168c:	462b      	mov	r3, r5
1000168e:	4622      	mov	r2, r4
10001690:	46f4      	mov	ip, lr
10001692:	e8bd 4070 	ldmia.w	sp!, {r4, r5, r6, lr}
10001696:	210a      	movs	r1, #10
10001698:	f44f 7081 	mov.w	r0, #258	@ 0x102
1000169c:	4760      	bx	ip
1000169e:	bf00      	nop

100016a0 <rom_func_lookup>:
100016a0:	2300      	movs	r3, #0
100016a2:	8adb      	ldrh	r3, [r3, #22]
100016a4:	2200      	movs	r2, #0
100016a6:	e842 f200 	tt	r2, r2
100016aa:	0252      	lsls	r2, r2, #9
100016ac:	d401      	bmi.n	100016b2 <rom_func_lookup+0x12>
100016ae:	2110      	movs	r1, #16
100016b0:	4718      	bx	r3
100016b2:	2104      	movs	r1, #4
100016b4:	4718      	bx	r3
100016b6:	bf00      	nop

100016b8 <rom_reset_usb_boot>:
100016b8:	b508      	push	{r3, lr}
100016ba:	4603      	mov	r3, r0
100016bc:	4608      	mov	r0, r1
100016be:	b12b      	cbz	r3, 100016cc <rom_reset_usb_boot+0x14>
100016c0:	fa93 f3a3 	rbit	r3, r3
100016c4:	fab3 f383 	clz	r3, r3
100016c8:	f041 0020 	orr.w	r0, r1, #32
100016cc:	4619      	mov	r1, r3
100016ce:	f7ff ffcd 	bl	1000166c <rom_reboot.constprop.0.isra.0>
100016d2:	bf00      	nop

100016d4 <runtime_init_bootrom_locking_enable>:
100016d4:	4a03      	ldr	r2, [pc, #12]	@ (100016e4 <runtime_init_bootrom_locking_enable+0x10>)
100016d6:	f8d2 3828 	ldr.w	r3, [r2, #2088]	@ 0x828
100016da:	2b00      	cmp	r3, #0
100016dc:	d0fb      	beq.n	100016d6 <runtime_init_bootrom_locking_enable+0x2>
100016de:	f3bf 8f5f 	dmb	sy
100016e2:	4770      	bx	lr
100016e4:	400e0000 	.word	0x400e0000

100016e8 <runtime_init_boot_locks_reset>:
100016e8:	2100      	movs	r1, #0
100016ea:	4b04      	ldr	r3, [pc, #16]	@ (100016fc <runtime_init_boot_locks_reset+0x14>)
100016ec:	4a04      	ldr	r2, [pc, #16]	@ (10001700 <runtime_init_boot_locks_reset+0x18>)
100016ee:	f3bf 8f5f 	dmb	sy
100016f2:	f843 1b04 	str.w	r1, [r3], #4
100016f6:	4293      	cmp	r3, r2
100016f8:	d1f9      	bne.n	100016ee <runtime_init_boot_locks_reset+0x6>
100016fa:	4770      	bx	lr
100016fc:	400e080c 	.word	0x400e080c
10001700:	400e082c 	.word	0x400e082c

10001704 <xosc_init>:
10001704:	b410      	push	{r4}
10001706:	f44f 708d 	mov.w	r0, #282	@ 0x11a
1000170a:	f44f 642a 	mov.w	r4, #2720	@ 0xaa0
1000170e:	4a06      	ldr	r2, [pc, #24]	@ (10001728 <xosc_init+0x24>)
10001710:	4b06      	ldr	r3, [pc, #24]	@ (1000172c <xosc_init+0x28>)
10001712:	4907      	ldr	r1, [pc, #28]	@ (10001730 <xosc_init+0x2c>)
10001714:	6014      	str	r4, [r2, #0]
10001716:	60d0      	str	r0, [r2, #12]
10001718:	6019      	str	r1, [r3, #0]
1000171a:	6853      	ldr	r3, [r2, #4]
1000171c:	2b00      	cmp	r3, #0
1000171e:	dafc      	bge.n	1000171a <xosc_init+0x16>
10001720:	f85d 4b04 	ldr.w	r4, [sp], #4
10001724:	4770      	bx	lr
10001726:	bf00      	nop
10001728:	40048000 	.word	0x40048000
1000172c:	4004a000 	.word	0x4004a000
10001730:	00fab000 	.word	0x00fab000

10001734 <first_per_core_initializer>:
10001734:	4770      	bx	lr
10001736:	bf00      	nop

10001738 <hard_assertion_failure>:
10001738:	b508      	push	{r3, lr}
1000173a:	4801      	ldr	r0, [pc, #4]	@ (10001740 <hard_assertion_failure+0x8>)
1000173c:	f7ff f830 	bl	100007a0 <panic>
10001740:	10002288 	.word	0x10002288

10001744 <runtime_run_initializers>:
10001744:	b538      	push	{r3, r4, r5, lr}
10001746:	4c05      	ldr	r4, [pc, #20]	@ (1000175c <runtime_run_initializers+0x18>)
10001748:	4d05      	ldr	r5, [pc, #20]	@ (10001760 <runtime_run_initializers+0x1c>)
1000174a:	42ac      	cmp	r4, r5
1000174c:	d204      	bcs.n	10001758 <runtime_run_initializers+0x14>
1000174e:	f854 3b04 	ldr.w	r3, [r4], #4
10001752:	4798      	blx	r3
10001754:	42ac      	cmp	r4, r5
10001756:	d3fa      	bcc.n	1000174e <runtime_run_initializers+0xa>
10001758:	bd38      	pop	{r3, r4, r5, pc}
1000175a:	bf00      	nop
1000175c:	100021a0 	.word	0x100021a0
10001760:	100021e0 	.word	0x100021e0

10001764 <runtime_run_per_core_initializers>:
10001764:	b538      	push	{r3, r4, r5, lr}
10001766:	4c05      	ldr	r4, [pc, #20]	@ (1000177c <runtime_run_per_core_initializers+0x18>)
10001768:	4d05      	ldr	r5, [pc, #20]	@ (10001780 <runtime_run_per_core_initializers+0x1c>)
1000176a:	42ac      	cmp	r4, r5
1000176c:	d204      	bcs.n	10001778 <runtime_run_per_core_initializers+0x14>
1000176e:	f854 3b04 	ldr.w	r3, [r4], #4
10001772:	4798      	blx	r3
10001774:	42ac      	cmp	r4, r5
10001776:	d3fa      	bcc.n	1000176e <runtime_run_per_core_initializers+0xa>
10001778:	bd38      	pop	{r3, r4, r5, pc}
1000177a:	bf00      	nop
1000177c:	100021cc 	.word	0x100021cc
10001780:	100021e0 	.word	0x100021e0

10001784 <runtime_init_early_resets>:
10001784:	b410      	push	{r4}
10001786:	4807      	ldr	r0, [pc, #28]	@ (100017a4 <runtime_init_early_resets+0x20>)
10001788:	4c07      	ldr	r4, [pc, #28]	@ (100017a8 <runtime_init_early_resets+0x24>)
1000178a:	4b08      	ldr	r3, [pc, #32]	@ (100017ac <runtime_init_early_resets+0x28>)
1000178c:	4a08      	ldr	r2, [pc, #32]	@ (100017b0 <runtime_init_early_resets+0x2c>)
1000178e:	4909      	ldr	r1, [pc, #36]	@ (100017b4 <runtime_init_early_resets+0x30>)
10001790:	6004      	str	r4, [r0, #0]
10001792:	601a      	str	r2, [r3, #0]
10001794:	688b      	ldr	r3, [r1, #8]
10001796:	ea32 0303 	bics.w	r3, r2, r3
1000179a:	d1fb      	bne.n	10001794 <runtime_init_early_resets+0x10>
1000179c:	f85d 4b04 	ldr.w	r4, [sp], #4
100017a0:	4770      	bx	lr
100017a2:	bf00      	nop
100017a4:	40022000 	.word	0x40022000
100017a8:	efef3b7f 	.word	0xefef3b7f
100017ac:	40023000 	.word	0x40023000
100017b0:	03f3fff6 	.word	0x03f3fff6
100017b4:	40020000 	.word	0x40020000

100017b8 <runtime_init_usb_power_down>:
100017b8:	4b04      	ldr	r3, [pc, #16]	@ (100017cc <runtime_init_usb_power_down+0x14>)
100017ba:	6cdb      	ldr	r3, [r3, #76]	@ 0x4c
100017bc:	f5b3 4f00 	cmp.w	r3, #32768	@ 0x8000
100017c0:	d103      	bne.n	100017ca <runtime_init_usb_power_down+0x12>
100017c2:	f44f 2280 	mov.w	r2, #262144	@ 0x40000
100017c6:	4b02      	ldr	r3, [pc, #8]	@ (100017d0 <runtime_init_usb_power_down+0x18>)
100017c8:	64da      	str	r2, [r3, #76]	@ 0x4c
100017ca:	4770      	bx	lr
100017cc:	50110000 	.word	0x50110000
100017d0:	50112000 	.word	0x50112000

100017d4 <runtime_init_per_core_enable_coprocessors>:
100017d4:	f04f 22e0 	mov.w	r2, #3758153728	@ 0xe000e000
100017d8:	4b04      	ldr	r3, [pc, #16]	@ (100017ec <runtime_init_per_core_enable_coprocessors+0x18>)
100017da:	f8d2 1d88 	ldr.w	r1, [r2, #3464]	@ 0xd88
100017de:	430b      	orrs	r3, r1
100017e0:	f8c2 3d88 	str.w	r3, [r2, #3464]	@ 0xd88
100017e4:	ee10 0430 	dcp_rcmp r0
100017e8:	4770      	bx	lr
100017ea:	bf00      	nop
100017ec:	00300303 	.word	0x00300303

100017f0 <runtime_init_post_clock_resets>:
100017f0:	f06f 4160 	mvn.w	r1, #3758096384	@ 0xe0000000
100017f4:	4b04      	ldr	r3, [pc, #16]	@ (10001808 <runtime_init_post_clock_resets+0x18>)
100017f6:	4a05      	ldr	r2, [pc, #20]	@ (1000180c <runtime_init_post_clock_resets+0x1c>)
100017f8:	6019      	str	r1, [r3, #0]
100017fa:	6893      	ldr	r3, [r2, #8]
100017fc:	43db      	mvns	r3, r3
100017fe:	f033 4360 	bics.w	r3, r3, #3758096384	@ 0xe0000000
10001802:	d1fa      	bne.n	100017fa <runtime_init_post_clock_resets+0xa>
10001804:	4770      	bx	lr
10001806:	bf00      	nop
10001808:	40023000 	.word	0x40023000
1000180c:	40020000 	.word	0x40020000

10001810 <runtime_init_bootrom_reset>:
10001810:	b510      	push	{r4, lr}
10001812:	f245 2053 	movw	r0, #21075	@ 0x5253
10001816:	f7ff ff43 	bl	100016a0 <rom_func_lookup>
1000181a:	e8bd 4010 	ldmia.w	sp!, {r4, lr}
1000181e:	4603      	mov	r3, r0
10001820:	2004      	movs	r0, #4
10001822:	4718      	bx	r3

10001824 <runtime_init_per_core_bootrom_reset>:
10001824:	b510      	push	{r4, lr}
10001826:	f245 2053 	movw	r0, #21075	@ 0x5253
1000182a:	f7ff ff39 	bl	100016a0 <rom_func_lookup>
1000182e:	e8bd 4010 	ldmia.w	sp!, {r4, lr}
10001832:	4603      	mov	r3, r0
10001834:	2001      	movs	r0, #1
10001836:	4718      	bx	r3

10001838 <runtime_init_spin_locks_reset>:
10001838:	f7ff b826 	b.w	10000888 <spin_locks_reset>

1000183c <runtime_init_install_ram_vector_table>:
1000183c:	b510      	push	{r4, lr}
1000183e:	4b05      	ldr	r3, [pc, #20]	@ (10001854 <runtime_init_install_ram_vector_table+0x18>)
10001840:	4c05      	ldr	r4, [pc, #20]	@ (10001858 <runtime_init_install_ram_vector_table+0x1c>)
10001842:	f44f 7288 	mov.w	r2, #272	@ 0x110
10001846:	4618      	mov	r0, r3
10001848:	68a1      	ldr	r1, [r4, #8]
1000184a:	f000 fba5 	bl	10001f98 <memcpy>
1000184e:	60a0      	str	r0, [r4, #8]
10001850:	bd10      	pop	{r4, pc}
10001852:	bf00      	nop
10001854:	20000000 	.word	0x20000000
10001858:	e000ed00 	.word	0xe000ed00

1000185c <runtime_init_clocks>:
1000185c:	2300      	movs	r3, #0
1000185e:	b570      	push	{r4, r5, r6, lr}
10001860:	4c2b      	ldr	r4, [pc, #172]	@ (10001910 <runtime_init_clocks+0xb4>)
10001862:	b082      	sub	sp, #8
10001864:	f8c4 3084 	str.w	r3, [r4, #132]	@ 0x84
10001868:	f7ff ff4c 	bl	10001704 <xosc_init>
1000186c:	2201      	movs	r2, #1
1000186e:	4b29      	ldr	r3, [pc, #164]	@ (10001914 <runtime_init_clocks+0xb8>)
10001870:	63da      	str	r2, [r3, #60]	@ 0x3c
10001872:	6c63      	ldr	r3, [r4, #68]	@ 0x44
10001874:	2b01      	cmp	r3, #1
10001876:	d1fc      	bne.n	10001872 <runtime_init_clocks+0x16>
10001878:	2103      	movs	r1, #3
1000187a:	4a26      	ldr	r2, [pc, #152]	@ (10001914 <runtime_init_clocks+0xb8>)
1000187c:	4b24      	ldr	r3, [pc, #144]	@ (10001910 <runtime_init_clocks+0xb4>)
1000187e:	6311      	str	r1, [r2, #48]	@ 0x30
10001880:	6b9c      	ldr	r4, [r3, #56]	@ 0x38
10001882:	2c01      	cmp	r4, #1
10001884:	d1fc      	bne.n	10001880 <runtime_init_clocks+0x24>
10001886:	2602      	movs	r6, #2
10001888:	2505      	movs	r5, #5
1000188a:	4621      	mov	r1, r4
1000188c:	2305      	movs	r3, #5
1000188e:	4a22      	ldr	r2, [pc, #136]	@ (10001918 <runtime_init_clocks+0xbc>)
10001890:	4822      	ldr	r0, [pc, #136]	@ (1000191c <runtime_init_clocks+0xc0>)
10001892:	9600      	str	r6, [sp, #0]
10001894:	f7ff fe98 	bl	100015c8 <pll_init>
10001898:	4621      	mov	r1, r4
1000189a:	462b      	mov	r3, r5
1000189c:	4a20      	ldr	r2, [pc, #128]	@ (10001920 <runtime_init_clocks+0xc4>)
1000189e:	4821      	ldr	r0, [pc, #132]	@ (10001924 <runtime_init_clocks+0xc8>)
100018a0:	9500      	str	r5, [sp, #0]
100018a2:	f7ff fe91 	bl	100015c8 <pll_init>
100018a6:	2200      	movs	r2, #0
100018a8:	2004      	movs	r0, #4
100018aa:	4631      	mov	r1, r6
100018ac:	4b1e      	ldr	r3, [pc, #120]	@ (10001928 <runtime_init_clocks+0xcc>)
100018ae:	f7ff fc8d 	bl	100011cc <clock_configure_undivided>
100018b2:	4621      	mov	r1, r4
100018b4:	4628      	mov	r0, r5
100018b6:	2200      	movs	r2, #0
100018b8:	4b1c      	ldr	r3, [pc, #112]	@ (1000192c <runtime_init_clocks+0xd0>)
100018ba:	f7ff fc87 	bl	100011cc <clock_configure_undivided>
100018be:	2200      	movs	r2, #0
100018c0:	2008      	movs	r0, #8
100018c2:	4611      	mov	r1, r2
100018c4:	4b1a      	ldr	r3, [pc, #104]	@ (10001930 <runtime_init_clocks+0xd4>)
100018c6:	f7ff fc81 	bl	100011cc <clock_configure_undivided>
100018ca:	2200      	movs	r2, #0
100018cc:	2009      	movs	r0, #9
100018ce:	4611      	mov	r1, r2
100018d0:	4b17      	ldr	r3, [pc, #92]	@ (10001930 <runtime_init_clocks+0xd4>)
100018d2:	f7ff fc7b 	bl	100011cc <clock_configure_undivided>
100018d6:	2200      	movs	r2, #0
100018d8:	2006      	movs	r0, #6
100018da:	4611      	mov	r1, r2
100018dc:	4b13      	ldr	r3, [pc, #76]	@ (1000192c <runtime_init_clocks+0xd0>)
100018de:	f7ff fc75 	bl	100011cc <clock_configure_undivided>
100018e2:	2200      	movs	r2, #0
100018e4:	4b11      	ldr	r3, [pc, #68]	@ (1000192c <runtime_init_clocks+0xd0>)
100018e6:	2007      	movs	r0, #7
100018e8:	4611      	mov	r1, r2
100018ea:	f7ff fc6f 	bl	100011cc <clock_configure_undivided>
100018ee:	2004      	movs	r0, #4
100018f0:	f7ff fcd4 	bl	1000129c <clock_get_hz>
100018f4:	2400      	movs	r4, #0
100018f6:	4b0f      	ldr	r3, [pc, #60]	@ (10001934 <runtime_init_clocks+0xd8>)
100018f8:	fba3 3500 	umull	r3, r5, r3, r0
100018fc:	0cad      	lsrs	r5, r5, #18
100018fe:	b2e0      	uxtb	r0, r4
10001900:	4629      	mov	r1, r5
10001902:	3401      	adds	r4, #1
10001904:	f7ff fea6 	bl	10001654 <tick_start>
10001908:	2c06      	cmp	r4, #6
1000190a:	d1f8      	bne.n	100018fe <runtime_init_clocks+0xa2>
1000190c:	b002      	add	sp, #8
1000190e:	bd70      	pop	{r4, r5, r6, pc}
10001910:	40010000 	.word	0x40010000
10001914:	40013000 	.word	0x40013000
10001918:	59682f00 	.word	0x59682f00
1000191c:	40050000 	.word	0x40050000
10001920:	47868c00 	.word	0x47868c00
10001924:	40058000 	.word	0x40058000
10001928:	00b71b00 	.word	0x00b71b00
1000192c:	08f0d180 	.word	0x08f0d180
10001930:	02dc6c00 	.word	0x02dc6c00
10001934:	431bde83 	.word	0x431bde83

10001938 <_out_char>:
10001938:	b900      	cbnz	r0, 1000193c <_out_char+0x4>
1000193a:	4770      	bx	lr
1000193c:	f000 b902 	b.w	10001b44 <__wrap_putchar>

10001940 <weak_raw_vprintf>:
10001940:	b510      	push	{r4, lr}
10001942:	4b09      	ldr	r3, [pc, #36]	@ (10001968 <weak_raw_vprintf+0x28>)
10001944:	b084      	sub	sp, #16
10001946:	681c      	ldr	r4, [r3, #0]
10001948:	b14c      	cbz	r4, 1000195e <weak_raw_vprintf+0x1e>
1000194a:	4603      	mov	r3, r0
1000194c:	9100      	str	r1, [sp, #0]
1000194e:	f04f 32ff 	mov.w	r2, #4294967295	@ 0xffffffff
10001952:	a903      	add	r1, sp, #12
10001954:	4805      	ldr	r0, [pc, #20]	@ (1000196c <weak_raw_vprintf+0x2c>)
10001956:	47a0      	blx	r4
10001958:	2001      	movs	r0, #1
1000195a:	b004      	add	sp, #16
1000195c:	bd10      	pop	{r4, pc}
1000195e:	f000 f933 	bl	10001bc8 <__wrap_puts>
10001962:	4620      	mov	r0, r4
10001964:	b004      	add	sp, #16
10001966:	bd10      	pop	{r4, pc}
10001968:	20020d38 	.word	0x20020d38
1000196c:	10001939 	.word	0x10001939

10001970 <_exit>:
10001970:	be00      	bkpt	0x0000
10001972:	e7fd      	b.n	10001970 <_exit>

10001974 <exit>:
10001974:	b508      	push	{r3, lr}
10001976:	f7ff fffb 	bl	10001970 <_exit>
1000197a:	bf00      	nop

1000197c <runtime_init>:
1000197c:	b538      	push	{r3, r4, r5, lr}
1000197e:	4c06      	ldr	r4, [pc, #24]	@ (10001998 <runtime_init+0x1c>)
10001980:	4d06      	ldr	r5, [pc, #24]	@ (1000199c <runtime_init+0x20>)
10001982:	f7ff fedf 	bl	10001744 <runtime_run_initializers>
10001986:	42ac      	cmp	r4, r5
10001988:	d204      	bcs.n	10001994 <runtime_init+0x18>
1000198a:	f854 3b04 	ldr.w	r3, [r4], #4
1000198e:	4798      	blx	r3
10001990:	42ac      	cmp	r4, r5
10001992:	d3fa      	bcc.n	1000198a <runtime_init+0xe>
10001994:	bd38      	pop	{r3, r4, r5, pc}
10001996:	bf00      	nop
10001998:	100021e0 	.word	0x100021e0
1000199c:	100021e8 	.word	0x100021e8

100019a0 <stdio_out_chars_no_crlf>:
100019a0:	6803      	ldr	r3, [r0, #0]
100019a2:	4608      	mov	r0, r1
100019a4:	4611      	mov	r1, r2
100019a6:	4718      	bx	r3

100019a8 <stdio_out_chars_crlf>:
100019a8:	7d43      	ldrb	r3, [r0, #21]
100019aa:	e92d 47f0 	stmdb	sp!, {r4, r5, r6, r7, r8, r9, sl, lr}
100019ae:	4681      	mov	r9, r0
100019b0:	460f      	mov	r7, r1
100019b2:	4616      	mov	r6, r2
100019b4:	2b00      	cmp	r3, #0
100019b6:	d043      	beq.n	10001a40 <stdio_out_chars_crlf+0x98>
100019b8:	2a00      	cmp	r2, #0
100019ba:	dd3b      	ble.n	10001a34 <stdio_out_chars_crlf+0x8c>
100019bc:	7d03      	ldrb	r3, [r0, #20]
100019be:	2000      	movs	r0, #0
100019c0:	1e4d      	subs	r5, r1, #1
100019c2:	4601      	mov	r1, r0
100019c4:	f815 2f01 	ldrb.w	r2, [r5, #1]!
100019c8:	f8df 8084 	ldr.w	r8, [pc, #132]	@ 10001a50 <stdio_out_chars_crlf+0xa8>
100019cc:	2a0a      	cmp	r2, #10
100019ce:	f101 0401 	add.w	r4, r1, #1
100019d2:	d00e      	beq.n	100019f2 <stdio_out_chars_crlf+0x4a>
100019d4:	42a6      	cmp	r6, r4
100019d6:	d01c      	beq.n	10001a12 <stdio_out_chars_crlf+0x6a>
100019d8:	782b      	ldrb	r3, [r5, #0]
100019da:	4621      	mov	r1, r4
100019dc:	f1a3 030d 	sub.w	r3, r3, #13
100019e0:	fab3 f383 	clz	r3, r3
100019e4:	f815 2f01 	ldrb.w	r2, [r5, #1]!
100019e8:	095b      	lsrs	r3, r3, #5
100019ea:	2a0a      	cmp	r2, #10
100019ec:	f101 0401 	add.w	r4, r1, #1
100019f0:	d1f0      	bne.n	100019d4 <stdio_out_chars_crlf+0x2c>
100019f2:	2b00      	cmp	r3, #0
100019f4:	d1ee      	bne.n	100019d4 <stdio_out_chars_crlf+0x2c>
100019f6:	4281      	cmp	r1, r0
100019f8:	eba1 0100 	sub.w	r1, r1, r0
100019fc:	4438      	add	r0, r7
100019fe:	dc1b      	bgt.n	10001a38 <stdio_out_chars_crlf+0x90>
10001a00:	2102      	movs	r1, #2
10001a02:	4640      	mov	r0, r8
10001a04:	f8d9 3000 	ldr.w	r3, [r9]
10001a08:	4798      	blx	r3
10001a0a:	42a6      	cmp	r6, r4
10001a0c:	d008      	beq.n	10001a20 <stdio_out_chars_crlf+0x78>
10001a0e:	4620      	mov	r0, r4
10001a10:	e7e2      	b.n	100019d8 <stdio_out_chars_crlf+0x30>
10001a12:	4286      	cmp	r6, r0
10001a14:	dd04      	ble.n	10001a20 <stdio_out_chars_crlf+0x78>
10001a16:	1a31      	subs	r1, r6, r0
10001a18:	f8d9 3000 	ldr.w	r3, [r9]
10001a1c:	4438      	add	r0, r7
10001a1e:	4798      	blx	r3
10001a20:	4437      	add	r7, r6
10001a22:	f817 3c01 	ldrb.w	r3, [r7, #-1]
10001a26:	f1a3 030d 	sub.w	r3, r3, #13
10001a2a:	fab3 f383 	clz	r3, r3
10001a2e:	095b      	lsrs	r3, r3, #5
10001a30:	f889 3014 	strb.w	r3, [r9, #20]
10001a34:	e8bd 87f0 	ldmia.w	sp!, {r4, r5, r6, r7, r8, r9, sl, pc}
10001a38:	f8d9 3000 	ldr.w	r3, [r9]
10001a3c:	4798      	blx	r3
10001a3e:	e7df      	b.n	10001a00 <stdio_out_chars_crlf+0x58>
10001a40:	4638      	mov	r0, r7
10001a42:	f8d9 3000 	ldr.w	r3, [r9]
10001a46:	4611      	mov	r1, r2
10001a48:	e8bd 47f0 	ldmia.w	sp!, {r4, r5, r6, r7, r8, r9, sl, lr}
10001a4c:	4718      	bx	r3
10001a4e:	bf00      	nop
10001a50:	1000a39c 	.word	0x1000a39c

10001a54 <stdio_put_string>:
10001a54:	e92d 47f0 	stmdb	sp!, {r4, r5, r6, r7, r8, r9, sl, lr}
10001a58:	b082      	sub	sp, #8
10001a5a:	460d      	mov	r5, r1
10001a5c:	4692      	mov	sl, r2
10001a5e:	4699      	mov	r9, r3
10001a60:	4607      	mov	r7, r0
10001a62:	f7ff fb65 	bl	10001130 <time_us_64>
10001a66:	f04f 36ff 	mov.w	r6, #4294967295	@ 0xffffffff
10001a6a:	f06f 4400 	mvn.w	r4, #2147483648	@ 0x80000000
10001a6e:	4a2f      	ldr	r2, [pc, #188]	@ (10001b2c <stdio_put_string+0xd8>)
10001a70:	1882      	adds	r2, r0, r2
10001a72:	f141 0300 	adc.w	r3, r1, #0
10001a76:	4296      	cmp	r6, r2
10001a78:	eb74 0103 	sbcs.w	r1, r4, r3
10001a7c:	bf3c      	itt	cc
10001a7e:	4632      	movcc	r2, r6
10001a80:	4623      	movcc	r3, r4
10001a82:	482b      	ldr	r0, [pc, #172]	@ (10001b30 <stdio_put_string+0xdc>)
10001a84:	f000 fb88 	bl	10002198 <__mutex_try_enter_block_until_veneer>
10001a88:	1c6b      	adds	r3, r5, #1
10001a8a:	4680      	mov	r8, r0
10001a8c:	d103      	bne.n	10001a96 <stdio_put_string+0x42>
10001a8e:	4638      	mov	r0, r7
10001a90:	f000 fafe 	bl	10002090 <strlen>
10001a94:	4605      	mov	r5, r0
10001a96:	4b27      	ldr	r3, [pc, #156]	@ (10001b34 <stdio_put_string+0xe0>)
10001a98:	4e27      	ldr	r6, [pc, #156]	@ (10001b38 <stdio_put_string+0xe4>)
10001a9a:	681c      	ldr	r4, [r3, #0]
10001a9c:	4b27      	ldr	r3, [pc, #156]	@ (10001b3c <stdio_put_string+0xe8>)
10001a9e:	f1b9 0f00 	cmp.w	r9, #0
10001aa2:	bf18      	it	ne
10001aa4:	461e      	movne	r6, r3
10001aa6:	b1b4      	cbz	r4, 10001ad6 <stdio_put_string+0x82>
10001aa8:	f1ba 0f00 	cmp.w	sl, #0
10001aac:	d11a      	bne.n	10001ae4 <stdio_put_string+0x90>
10001aae:	f8df 9090 	ldr.w	r9, [pc, #144]	@ 10001b40 <stdio_put_string+0xec>
10001ab2:	e001      	b.n	10001ab8 <stdio_put_string+0x64>
10001ab4:	6924      	ldr	r4, [r4, #16]
10001ab6:	b174      	cbz	r4, 10001ad6 <stdio_put_string+0x82>
10001ab8:	6823      	ldr	r3, [r4, #0]
10001aba:	2b00      	cmp	r3, #0
10001abc:	d0fa      	beq.n	10001ab4 <stdio_put_string+0x60>
10001abe:	f8d9 3000 	ldr.w	r3, [r9]
10001ac2:	b10b      	cbz	r3, 10001ac8 <stdio_put_string+0x74>
10001ac4:	429c      	cmp	r4, r3
10001ac6:	d1f5      	bne.n	10001ab4 <stdio_put_string+0x60>
10001ac8:	4620      	mov	r0, r4
10001aca:	462a      	mov	r2, r5
10001acc:	4639      	mov	r1, r7
10001ace:	47b0      	blx	r6
10001ad0:	6924      	ldr	r4, [r4, #16]
10001ad2:	2c00      	cmp	r4, #0
10001ad4:	d1f0      	bne.n	10001ab8 <stdio_put_string+0x64>
10001ad6:	f1b8 0f00 	cmp.w	r8, #0
10001ada:	d11f      	bne.n	10001b1c <stdio_put_string+0xc8>
10001adc:	4628      	mov	r0, r5
10001ade:	b002      	add	sp, #8
10001ae0:	e8bd 87f0 	ldmia.w	sp!, {r4, r5, r6, r7, r8, r9, sl, pc}
10001ae4:	f04f 0a0a 	mov.w	sl, #10
10001ae8:	f8df 9054 	ldr.w	r9, [pc, #84]	@ 10001b40 <stdio_put_string+0xec>
10001aec:	e002      	b.n	10001af4 <stdio_put_string+0xa0>
10001aee:	6924      	ldr	r4, [r4, #16]
10001af0:	2c00      	cmp	r4, #0
10001af2:	d0f0      	beq.n	10001ad6 <stdio_put_string+0x82>
10001af4:	6823      	ldr	r3, [r4, #0]
10001af6:	2b00      	cmp	r3, #0
10001af8:	d0f9      	beq.n	10001aee <stdio_put_string+0x9a>
10001afa:	f8d9 3000 	ldr.w	r3, [r9]
10001afe:	b10b      	cbz	r3, 10001b04 <stdio_put_string+0xb0>
10001b00:	42a3      	cmp	r3, r4
10001b02:	d1f4      	bne.n	10001aee <stdio_put_string+0x9a>
10001b04:	462a      	mov	r2, r5
10001b06:	4639      	mov	r1, r7
10001b08:	4620      	mov	r0, r4
10001b0a:	47b0      	blx	r6
10001b0c:	2201      	movs	r2, #1
10001b0e:	4620      	mov	r0, r4
10001b10:	f10d 0107 	add.w	r1, sp, #7
10001b14:	f88d a007 	strb.w	sl, [sp, #7]
10001b18:	47b0      	blx	r6
10001b1a:	e7e8      	b.n	10001aee <stdio_put_string+0x9a>
10001b1c:	4804      	ldr	r0, [pc, #16]	@ (10001b30 <stdio_put_string+0xdc>)
10001b1e:	f000 fb37 	bl	10002190 <__mutex_exit_veneer>
10001b22:	4628      	mov	r0, r5
10001b24:	b002      	add	sp, #8
10001b26:	e8bd 87f0 	ldmia.w	sp!, {r4, r5, r6, r7, r8, r9, sl, pc}
10001b2a:	bf00      	nop
10001b2c:	000f4240 	.word	0x000f4240
10001b30:	20000354 	.word	0x20000354
10001b34:	200006e8 	.word	0x200006e8
10001b38:	100019a1 	.word	0x100019a1
10001b3c:	100019a9 	.word	0x100019a9
10001b40:	200006ec 	.word	0x200006ec

10001b44 <__wrap_putchar>:
10001b44:	b5f0      	push	{r4, r5, r6, r7, lr}
10001b46:	b083      	sub	sp, #12
10001b48:	4606      	mov	r6, r0
10001b4a:	f88d 0007 	strb.w	r0, [sp, #7]
10001b4e:	f7ff faef 	bl	10001130 <time_us_64>
10001b52:	f04f 35ff 	mov.w	r5, #4294967295	@ 0xffffffff
10001b56:	f06f 4400 	mvn.w	r4, #2147483648	@ 0x80000000
10001b5a:	4a17      	ldr	r2, [pc, #92]	@ (10001bb8 <__wrap_putchar+0x74>)
10001b5c:	1882      	adds	r2, r0, r2
10001b5e:	f141 0300 	adc.w	r3, r1, #0
10001b62:	4295      	cmp	r5, r2
10001b64:	eb74 0103 	sbcs.w	r1, r4, r3
10001b68:	bf3c      	itt	cc
10001b6a:	4623      	movcc	r3, r4
10001b6c:	462a      	movcc	r2, r5
10001b6e:	4813      	ldr	r0, [pc, #76]	@ (10001bbc <__wrap_putchar+0x78>)
10001b70:	f000 fb12 	bl	10002198 <__mutex_try_enter_block_until_veneer>
10001b74:	4b12      	ldr	r3, [pc, #72]	@ (10001bc0 <__wrap_putchar+0x7c>)
10001b76:	4607      	mov	r7, r0
10001b78:	681c      	ldr	r4, [r3, #0]
10001b7a:	b19c      	cbz	r4, 10001ba4 <__wrap_putchar+0x60>
10001b7c:	4d11      	ldr	r5, [pc, #68]	@ (10001bc4 <__wrap_putchar+0x80>)
10001b7e:	e001      	b.n	10001b84 <__wrap_putchar+0x40>
10001b80:	6924      	ldr	r4, [r4, #16]
10001b82:	b17c      	cbz	r4, 10001ba4 <__wrap_putchar+0x60>
10001b84:	6823      	ldr	r3, [r4, #0]
10001b86:	2b00      	cmp	r3, #0
10001b88:	d0fa      	beq.n	10001b80 <__wrap_putchar+0x3c>
10001b8a:	682b      	ldr	r3, [r5, #0]
10001b8c:	b10b      	cbz	r3, 10001b92 <__wrap_putchar+0x4e>
10001b8e:	429c      	cmp	r4, r3
10001b90:	d1f6      	bne.n	10001b80 <__wrap_putchar+0x3c>
10001b92:	4620      	mov	r0, r4
10001b94:	2201      	movs	r2, #1
10001b96:	f10d 0107 	add.w	r1, sp, #7
10001b9a:	f7ff ff05 	bl	100019a8 <stdio_out_chars_crlf>
10001b9e:	6924      	ldr	r4, [r4, #16]
10001ba0:	2c00      	cmp	r4, #0
10001ba2:	d1ef      	bne.n	10001b84 <__wrap_putchar+0x40>
10001ba4:	b917      	cbnz	r7, 10001bac <__wrap_putchar+0x68>
10001ba6:	4630      	mov	r0, r6
10001ba8:	b003      	add	sp, #12
10001baa:	bdf0      	pop	{r4, r5, r6, r7, pc}
10001bac:	4803      	ldr	r0, [pc, #12]	@ (10001bbc <__wrap_putchar+0x78>)
10001bae:	f000 faef 	bl	10002190 <__mutex_exit_veneer>
10001bb2:	4630      	mov	r0, r6
10001bb4:	b003      	add	sp, #12
10001bb6:	bdf0      	pop	{r4, r5, r6, r7, pc}
10001bb8:	000f4240 	.word	0x000f4240
10001bbc:	20000354 	.word	0x20000354
10001bc0:	200006e8 	.word	0x200006e8
10001bc4:	200006ec 	.word	0x200006ec

10001bc8 <__wrap_puts>:
10001bc8:	b538      	push	{r3, r4, r5, lr}
10001bca:	4604      	mov	r4, r0
10001bcc:	f000 fa60 	bl	10002090 <strlen>
10001bd0:	2301      	movs	r3, #1
10001bd2:	4605      	mov	r5, r0
10001bd4:	461a      	mov	r2, r3
10001bd6:	4620      	mov	r0, r4
10001bd8:	4629      	mov	r1, r5
10001bda:	f7ff ff3b 	bl	10001a54 <stdio_put_string>
10001bde:	4b08      	ldr	r3, [pc, #32]	@ (10001c00 <__wrap_puts+0x38>)
10001be0:	681c      	ldr	r4, [r3, #0]
10001be2:	b12c      	cbz	r4, 10001bf0 <__wrap_puts+0x28>
10001be4:	6863      	ldr	r3, [r4, #4]
10001be6:	b12b      	cbz	r3, 10001bf4 <__wrap_puts+0x2c>
10001be8:	4798      	blx	r3
10001bea:	6924      	ldr	r4, [r4, #16]
10001bec:	2c00      	cmp	r4, #0
10001bee:	d1f9      	bne.n	10001be4 <__wrap_puts+0x1c>
10001bf0:	4628      	mov	r0, r5
10001bf2:	bd38      	pop	{r3, r4, r5, pc}
10001bf4:	6924      	ldr	r4, [r4, #16]
10001bf6:	2c00      	cmp	r4, #0
10001bf8:	d1f4      	bne.n	10001be4 <__wrap_puts+0x1c>
10001bfa:	4628      	mov	r0, r5
10001bfc:	bd38      	pop	{r3, r4, r5, pc}
10001bfe:	bf00      	nop
10001c00:	200006e8 	.word	0x200006e8

10001c04 <core1_trampoline>:
10001c04:	bd03      	pop	{r0, r1, pc}
10001c06:	bf00      	nop

10001c08 <core1_wrapper>:
10001c08:	b510      	push	{r4, lr}
10001c0a:	4604      	mov	r4, r0
10001c0c:	f7ff fdaa 	bl	10001764 <runtime_run_per_core_initializers>
10001c10:	4623      	mov	r3, r4
10001c12:	e8bd 4010 	ldmia.w	sp!, {r4, lr}
10001c16:	4718      	bx	r3

10001c18 <multicore_launch_core1_raw>:
10001c18:	b5f0      	push	{r4, r5, r6, r7, lr}
10001c1a:	4605      	mov	r5, r0
10001c1c:	b087      	sub	sp, #28
10001c1e:	2019      	movs	r0, #25
10001c20:	4617      	mov	r7, r2
10001c22:	460e      	mov	r6, r1
10001c24:	f7fe fe72 	bl	1000090c <irq_is_enabled>
10001c28:	2100      	movs	r1, #0
10001c2a:	4604      	mov	r4, r0
10001c2c:	2019      	movs	r0, #25
10001c2e:	f7fe fe57 	bl	100008e0 <irq_set_enabled>
10001c32:	2100      	movs	r1, #0
10001c34:	e9cd 6504 	strd	r6, r5, [sp, #16]
10001c38:	9703      	str	r7, [sp, #12]
10001c3a:	2600      	movs	r6, #0
10001c3c:	2700      	movs	r7, #0
10001c3e:	2201      	movs	r2, #1
10001c40:	f04f 4350 	mov.w	r3, #3489660928	@ 0xd0000000
10001c44:	468c      	mov	ip, r1
10001c46:	e9cd 6700 	strd	r6, r7, [sp]
10001c4a:	9202      	str	r2, [sp, #8]
10001c4c:	b1b9      	cbz	r1, 10001c7e <multicore_launch_core1_raw+0x66>
10001c4e:	6d1a      	ldr	r2, [r3, #80]	@ 0x50
10001c50:	0795      	lsls	r5, r2, #30
10001c52:	d5fc      	bpl.n	10001c4e <multicore_launch_core1_raw+0x36>
10001c54:	6559      	str	r1, [r3, #84]	@ 0x54
10001c56:	bf40      	sev
10001c58:	6d1a      	ldr	r2, [r3, #80]	@ 0x50
10001c5a:	07d0      	lsls	r0, r2, #31
10001c5c:	d403      	bmi.n	10001c66 <multicore_launch_core1_raw+0x4e>
10001c5e:	bf20      	wfe
10001c60:	6d1a      	ldr	r2, [r3, #80]	@ 0x50
10001c62:	07d2      	lsls	r2, r2, #31
10001c64:	d5fb      	bpl.n	10001c5e <multicore_launch_core1_raw+0x46>
10001c66:	6d9a      	ldr	r2, [r3, #88]	@ 0x58
10001c68:	428a      	cmp	r2, r1
10001c6a:	d00d      	beq.n	10001c88 <multicore_launch_core1_raw+0x70>
10001c6c:	f04f 0c00 	mov.w	ip, #0
10001c70:	aa06      	add	r2, sp, #24
10001c72:	eb02 028c 	add.w	r2, r2, ip, lsl #2
10001c76:	f852 1c18 	ldr.w	r1, [r2, #-24]
10001c7a:	e7e7      	b.n	10001c4c <multicore_launch_core1_raw+0x34>
10001c7c:	6d9a      	ldr	r2, [r3, #88]	@ 0x58
10001c7e:	6d1a      	ldr	r2, [r3, #80]	@ 0x50
10001c80:	07d6      	lsls	r6, r2, #31
10001c82:	d4fb      	bmi.n	10001c7c <multicore_launch_core1_raw+0x64>
10001c84:	bf40      	sev
10001c86:	e7e2      	b.n	10001c4e <multicore_launch_core1_raw+0x36>
10001c88:	f10c 0c01 	add.w	ip, ip, #1
10001c8c:	f1bc 0f06 	cmp.w	ip, #6
10001c90:	d1ee      	bne.n	10001c70 <multicore_launch_core1_raw+0x58>
10001c92:	4621      	mov	r1, r4
10001c94:	2019      	movs	r0, #25
10001c96:	b007      	add	sp, #28
10001c98:	e8bd 40f0 	ldmia.w	sp!, {r4, r5, r6, r7, lr}
10001c9c:	f7fe be20 	b.w	100008e0 <irq_set_enabled>

10001ca0 <multicore_launch_core1>:
10001ca0:	4b0c      	ldr	r3, [pc, #48]	@ (10001cd4 <multicore_launch_core1+0x34>)
10001ca2:	4a0d      	ldr	r2, [pc, #52]	@ (10001cd8 <multicore_launch_core1+0x38>)
10001ca4:	4293      	cmp	r3, r2
10001ca6:	d30e      	bcc.n	10001cc6 <multicore_launch_core1+0x26>
10001ca8:	469c      	mov	ip, r3
10001caa:	f203 71f4 	addw	r1, r3, #2036	@ 0x7f4
10001cae:	4a0b      	ldr	r2, [pc, #44]	@ (10001cdc <multicore_launch_core1+0x3c>)
10001cb0:	6892      	ldr	r2, [r2, #8]
10001cb2:	f8cc 07f4 	str.w	r0, [ip, #2036]	@ 0x7f4
10001cb6:	480a      	ldr	r0, [pc, #40]	@ (10001ce0 <multicore_launch_core1+0x40>)
10001cb8:	f8cc 37f8 	str.w	r3, [ip, #2040]	@ 0x7f8
10001cbc:	f8cc 07fc 	str.w	r0, [ip, #2044]	@ 0x7fc
10001cc0:	4808      	ldr	r0, [pc, #32]	@ (10001ce4 <multicore_launch_core1+0x44>)
10001cc2:	f7ff bfa9 	b.w	10001c18 <multicore_launch_core1_raw>
10001cc6:	f04f 33ff 	mov.w	r3, #4294967295	@ 0xffffffff
10001cca:	f240 71f3 	movw	r1, #2035	@ 0x7f3
10001cce:	469c      	mov	ip, r3
10001cd0:	e7ed      	b.n	10001cae <multicore_launch_core1+0xe>
10001cd2:	bf00      	nop
10001cd4:	20080800 	.word	0x20080800
10001cd8:	20080000 	.word	0x20080000
10001cdc:	e000ed00 	.word	0xe000ed00
10001ce0:	10001c09 	.word	0x10001c09
10001ce4:	10001c05 	.word	0x10001c05

10001ce8 <pio_add_program>:
10001ce8:	e92d 47f0 	stmdb	sp!, {r4, r5, r6, r7, r8, r9, sl, lr}
10001cec:	4689      	mov	r9, r1
10001cee:	4605      	mov	r5, r0
10001cf0:	f7fe fd6e 	bl	100007d0 <hw_claim_lock>
10001cf4:	2301      	movs	r3, #1
10001cf6:	f899 2004 	ldrb.w	r2, [r9, #4]
10001cfa:	f999 c005 	ldrsb.w	ip, [r9, #5]
10001cfe:	f105 4e2f 	add.w	lr, r5, #2936012800	@ 0xaf000000
10001d02:	f8df 80d8 	ldr.w	r8, [pc, #216]	@ 10001ddc <pio_add_program+0xf4>
10001d06:	f50e 0e60 	add.w	lr, lr, #14680064	@ 0xe00000
10001d0a:	4093      	lsls	r3, r2
10001d0c:	ea4f 5e1e 	mov.w	lr, lr, lsr #20
10001d10:	f1bc 0f00 	cmp.w	ip, #0
10001d14:	f858 702e 	ldr.w	r7, [r8, lr, lsl #2]
10001d18:	f103 33ff 	add.w	r3, r3, #4294967295	@ 0xffffffff
10001d1c:	db46      	blt.n	10001dac <pio_add_program+0xc4>
10001d1e:	f1c2 0120 	rsb	r1, r2, #32
10001d22:	458c      	cmp	ip, r1
10001d24:	4664      	mov	r4, ip
10001d26:	dc31      	bgt.n	10001d8c <pio_add_program+0xa4>
10001d28:	fa03 f10c 	lsl.w	r1, r3, ip
10001d2c:	4239      	tst	r1, r7
10001d2e:	d12d      	bne.n	10001d8c <pio_add_program+0xa4>
10001d30:	4666      	mov	r6, ip
10001d32:	f8d5 a168 	ldr.w	sl, [r5, #360]	@ 0x168
10001d36:	f899 1007 	ldrb.w	r1, [r9, #7]
10001d3a:	f1ba 0f00 	cmp.w	sl, #0
10001d3e:	d02c      	beq.n	10001d9a <pio_add_program+0xb2>
10001d40:	07c9      	lsls	r1, r1, #31
10001d42:	d42c      	bmi.n	10001d9e <pio_add_program+0xb6>
10001d44:	f1bc 0f00 	cmp.w	ip, #0
10001d48:	db01      	blt.n	10001d4e <pio_add_program+0x66>
10001d4a:	4566      	cmp	r6, ip
10001d4c:	d127      	bne.n	10001d9e <pio_add_program+0xb6>
10001d4e:	40b3      	lsls	r3, r6
10001d50:	421f      	tst	r7, r3
10001d52:	d13c      	bne.n	10001dce <pio_add_program+0xe6>
10001d54:	f8d9 1000 	ldr.w	r1, [r9]
10001d58:	b182      	cbz	r2, 10001d7c <pio_add_program+0x94>
10001d5a:	46b4      	mov	ip, r6
10001d5c:	eb01 0942 	add.w	r9, r1, r2, lsl #1
10001d60:	f831 2b02 	ldrh.w	r2, [r1], #2
10001d64:	f10c 0a12 	add.w	sl, ip, #18
10001d68:	f5b2 5f00 	cmp.w	r2, #8192	@ 0x2000
10001d6c:	bf38      	it	cc
10001d6e:	1992      	addcc	r2, r2, r6
10001d70:	4549      	cmp	r1, r9
10001d72:	f10c 0c01 	add.w	ip, ip, #1
10001d76:	f845 202a 	str.w	r2, [r5, sl, lsl #2]
10001d7a:	d1f1      	bne.n	10001d60 <pio_add_program+0x78>
10001d7c:	433b      	orrs	r3, r7
10001d7e:	f848 302e 	str.w	r3, [r8, lr, lsl #2]
10001d82:	f7fe fd37 	bl	100007f4 <hw_claim_unlock>
10001d86:	4620      	mov	r0, r4
10001d88:	e8bd 87f0 	ldmia.w	sp!, {r4, r5, r6, r7, r8, r9, sl, pc}
10001d8c:	f04f 34ff 	mov.w	r4, #4294967295	@ 0xffffffff
10001d90:	f7fe fd30 	bl	100007f4 <hw_claim_unlock>
10001d94:	4620      	mov	r0, r4
10001d96:	e8bd 87f0 	ldmia.w	sp!, {r4, r5, r6, r7, r8, r9, sl, pc}
10001d9a:	0749      	lsls	r1, r1, #29
10001d9c:	d5d2      	bpl.n	10001d44 <pio_add_program+0x5c>
10001d9e:	f06f 040a 	mvn.w	r4, #10
10001da2:	f7fe fd27 	bl	100007f4 <hw_claim_unlock>
10001da6:	4620      	mov	r0, r4
10001da8:	e8bd 87f0 	ldmia.w	sp!, {r4, r5, r6, r7, r8, r9, sl, pc}
10001dac:	f1d2 0420 	rsbs	r4, r2, #32
10001db0:	d40d      	bmi.n	10001dce <pio_add_program+0xe6>
10001db2:	fa03 f104 	lsl.w	r1, r3, r4
10001db6:	4239      	tst	r1, r7
10001db8:	4626      	mov	r6, r4
10001dba:	d103      	bne.n	10001dc4 <pio_add_program+0xdc>
10001dbc:	e7b9      	b.n	10001d32 <pio_add_program+0x4a>
10001dbe:	4239      	tst	r1, r7
10001dc0:	4626      	mov	r6, r4
10001dc2:	d0b6      	beq.n	10001d32 <pio_add_program+0x4a>
10001dc4:	3c01      	subs	r4, #1
10001dc6:	1c66      	adds	r6, r4, #1
10001dc8:	fa03 f104 	lsl.w	r1, r3, r4
10001dcc:	d1f7      	bne.n	10001dbe <pio_add_program+0xd6>
10001dce:	f06f 0408 	mvn.w	r4, #8
10001dd2:	f7fe fd0f 	bl	100007f4 <hw_claim_unlock>
10001dd6:	4620      	mov	r0, r4
10001dd8:	e8bd 87f0 	ldmia.w	sp!, {r4, r5, r6, r7, r8, r9, sl, pc}
10001ddc:	200006b0 	.word	0x200006b0

10001de0 <pio_sm_set_pindirs_with_mask>:
10001de0:	e92d 47f0 	stmdb	sp!, {r4, r5, r6, r7, r8, r9, sl, lr}
10001de4:	f44f 3500 	mov.w	r5, #131072	@ 0x20000
10001de8:	eb01 0641 	add.w	r6, r1, r1, lsl #1
10001dec:	eb00 04c6 	add.w	r4, r0, r6, lsl #3
10001df0:	f504 5443 	add.w	r4, r4, #12480	@ 0x30c0
10001df4:	eb00 06c6 	add.w	r6, r0, r6, lsl #3
10001df8:	f8d6 a0dc 	ldr.w	sl, [r6, #220]	@ 0xdc
10001dfc:	ea4f 0841 	mov.w	r8, r1, lsl #1
10001e00:	f8d6 90cc 	ldr.w	r9, [r6, #204]	@ 0xcc
10001e04:	60e5      	str	r5, [r4, #12]
10001e06:	b1bb      	cbz	r3, 10001e38 <pio_sm_set_pindirs_with_mask+0x58>
10001e08:	f24e 0780 	movw	r7, #57472	@ 0xe080
10001e0c:	fa93 fca3 	rbit	ip, r3
10001e10:	fabc fc8c 	clz	ip, ip
10001e14:	fa22 f50c 	lsr.w	r5, r2, ip
10001e18:	f103 3eff 	add.w	lr, r3, #4294967295	@ 0xffffffff
10001e1c:	ea4f 1c4c 	mov.w	ip, ip, lsl #5
10001e20:	f005 0501 	and.w	r5, r5, #1
10001e24:	f04c 6480 	orr.w	r4, ip, #67108864	@ 0x4000000
10001e28:	433d      	orrs	r5, r7
10001e2a:	ea13 030e 	ands.w	r3, r3, lr
10001e2e:	f8c6 40dc 	str.w	r4, [r6, #220]	@ 0xdc
10001e32:	f8c6 50d8 	str.w	r5, [r6, #216]	@ 0xd8
10001e36:	d1e9      	bne.n	10001e0c <pio_sm_set_pindirs_with_mask+0x2c>
10001e38:	4488      	add	r8, r1
10001e3a:	eb00 00c8 	add.w	r0, r0, r8, lsl #3
10001e3e:	f8c0 a0dc 	str.w	sl, [r0, #220]	@ 0xdc
10001e42:	f8c0 90cc 	str.w	r9, [r0, #204]	@ 0xcc
10001e46:	e8bd 87f0 	ldmia.w	sp!, {r4, r5, r6, r7, r8, r9, sl, pc}
10001e4a:	bf00      	nop

10001e4c <pio_sm_init>:
10001e4c:	b5f0      	push	{r4, r5, r6, r7, lr}
10001e4e:	2501      	movs	r5, #1
10001e50:	6804      	ldr	r4, [r0, #0]
10001e52:	408d      	lsls	r5, r1
10001e54:	ea24 0405 	bic.w	r4, r4, r5
10001e58:	6004      	str	r4, [r0, #0]
10001e5a:	b3b3      	cbz	r3, 10001eca <pio_sm_init+0x7e>
10001e5c:	e9d3 5601 	ldrd	r5, r6, [r3, #4]
10001e60:	681f      	ldr	r7, [r3, #0]
10001e62:	68dc      	ldr	r4, [r3, #12]
10001e64:	eb01 0341 	add.w	r3, r1, r1, lsl #1
10001e68:	eb00 03c3 	add.w	r3, r0, r3, lsl #3
10001e6c:	f8c3 70c8 	str.w	r7, [r3, #200]	@ 0xc8
10001e70:	ea4f 0c41 	mov.w	ip, r1, lsl #1
10001e74:	f8c3 60d0 	str.w	r6, [r3, #208]	@ 0xd0
10001e78:	f8c3 50cc 	str.w	r5, [r3, #204]	@ 0xcc
10001e7c:	f8c3 40dc 	str.w	r4, [r3, #220]	@ 0xdc
10001e80:	eb0c 0301 	add.w	r3, ip, r1
10001e84:	f04f 3501 	mov.w	r5, #16843009	@ 0x1010101
10001e88:	eb00 0cc3 	add.w	ip, r0, r3, lsl #3
10001e8c:	f04f 4600 	mov.w	r6, #2147483648	@ 0x80000000
10001e90:	eb00 0ec3 	add.w	lr, r0, r3, lsl #3
10001e94:	2301      	movs	r3, #1
10001e96:	f50e 5e86 	add.w	lr, lr, #4288	@ 0x10c0
10001e9a:	1d0c      	adds	r4, r1, #4
10001e9c:	f101 0708 	add.w	r7, r1, #8
10001ea0:	408d      	lsls	r5, r1
10001ea2:	f8ce 6010 	str.w	r6, [lr, #16]
10001ea6:	fa03 f404 	lsl.w	r4, r3, r4
10001eaa:	f8ce 6010 	str.w	r6, [lr, #16]
10001eae:	f002 021f 	and.w	r2, r2, #31
10001eb2:	6085      	str	r5, [r0, #8]
10001eb4:	40bb      	lsls	r3, r7
10001eb6:	f500 5000 	add.w	r0, r0, #8192	@ 0x2000
10001eba:	6004      	str	r4, [r0, #0]
10001ebc:	f10e 0e10 	add.w	lr, lr, #16
10001ec0:	6003      	str	r3, [r0, #0]
10001ec2:	2000      	movs	r0, #0
10001ec4:	f8cc 20d8 	str.w	r2, [ip, #216]	@ 0xd8
10001ec8:	bdf0      	pop	{r4, r5, r6, r7, pc}
10001eca:	f44f 3780 	mov.w	r7, #65536	@ 0x10000
10001ece:	f44f 2640 	mov.w	r6, #786432	@ 0xc0000
10001ed2:	f44f 35f8 	mov.w	r5, #126976	@ 0x1f000
10001ed6:	eb01 0441 	add.w	r4, r1, r1, lsl #1
10001eda:	eb00 04c4 	add.w	r4, r0, r4, lsl #3
10001ede:	f8c4 70c8 	str.w	r7, [r4, #200]	@ 0xc8
10001ee2:	ea4f 0c41 	mov.w	ip, r1, lsl #1
10001ee6:	f8c4 60d0 	str.w	r6, [r4, #208]	@ 0xd0
10001eea:	f8c4 50cc 	str.w	r5, [r4, #204]	@ 0xcc
10001eee:	f8c4 30dc 	str.w	r3, [r4, #220]	@ 0xdc
10001ef2:	e7c5      	b.n	10001e80 <pio_sm_init+0x34>

10001ef4 <memset>:
10001ef4:	b570      	push	{r4, r5, r6, lr}
10001ef6:	0786      	lsls	r6, r0, #30
10001ef8:	d047      	beq.n	10001f8a <memset+0x96>
10001efa:	1e54      	subs	r4, r2, #1
10001efc:	2a00      	cmp	r2, #0
10001efe:	d03e      	beq.n	10001f7e <memset+0x8a>
10001f00:	b2ca      	uxtb	r2, r1
10001f02:	4603      	mov	r3, r0
10001f04:	e001      	b.n	10001f0a <memset+0x16>
10001f06:	3c01      	subs	r4, #1
10001f08:	d339      	bcc.n	10001f7e <memset+0x8a>
10001f0a:	f803 2b01 	strb.w	r2, [r3], #1
10001f0e:	079d      	lsls	r5, r3, #30
10001f10:	d1f9      	bne.n	10001f06 <memset+0x12>
10001f12:	2c03      	cmp	r4, #3
10001f14:	d92c      	bls.n	10001f70 <memset+0x7c>
10001f16:	b2cd      	uxtb	r5, r1
10001f18:	2c0f      	cmp	r4, #15
10001f1a:	eb05 2505 	add.w	r5, r5, r5, lsl #8
10001f1e:	eb05 4505 	add.w	r5, r5, r5, lsl #16
10001f22:	d935      	bls.n	10001f90 <memset+0x9c>
10001f24:	f1a4 0c10 	sub.w	ip, r4, #16
10001f28:	f103 0e10 	add.w	lr, r3, #16
10001f2c:	461a      	mov	r2, r3
10001f2e:	f02c 060f 	bic.w	r6, ip, #15
10001f32:	ea4f 1c1c 	mov.w	ip, ip, lsr #4
10001f36:	44b6      	add	lr, r6
10001f38:	e9c2 5500 	strd	r5, r5, [r2]
10001f3c:	e9c2 5502 	strd	r5, r5, [r2, #8]
10001f40:	3210      	adds	r2, #16
10001f42:	4572      	cmp	r2, lr
10001f44:	d1f8      	bne.n	10001f38 <memset+0x44>
10001f46:	f10c 0201 	add.w	r2, ip, #1
10001f4a:	f014 0f0c 	tst.w	r4, #12
10001f4e:	f004 0c0f 	and.w	ip, r4, #15
10001f52:	eb03 1202 	add.w	r2, r3, r2, lsl #4
10001f56:	d013      	beq.n	10001f80 <memset+0x8c>
10001f58:	f1ac 0304 	sub.w	r3, ip, #4
10001f5c:	f023 0303 	bic.w	r3, r3, #3
10001f60:	3304      	adds	r3, #4
10001f62:	4413      	add	r3, r2
10001f64:	f842 5b04 	str.w	r5, [r2], #4
10001f68:	4293      	cmp	r3, r2
10001f6a:	d1fb      	bne.n	10001f64 <memset+0x70>
10001f6c:	f00c 0403 	and.w	r4, ip, #3
10001f70:	b12c      	cbz	r4, 10001f7e <memset+0x8a>
10001f72:	b2c9      	uxtb	r1, r1
10001f74:	441c      	add	r4, r3
10001f76:	f803 1b01 	strb.w	r1, [r3], #1
10001f7a:	42a3      	cmp	r3, r4
10001f7c:	d1fb      	bne.n	10001f76 <memset+0x82>
10001f7e:	bd70      	pop	{r4, r5, r6, pc}
10001f80:	4664      	mov	r4, ip
10001f82:	4613      	mov	r3, r2
10001f84:	2c00      	cmp	r4, #0
10001f86:	d1f4      	bne.n	10001f72 <memset+0x7e>
10001f88:	e7f9      	b.n	10001f7e <memset+0x8a>
10001f8a:	4603      	mov	r3, r0
10001f8c:	4614      	mov	r4, r2
10001f8e:	e7c0      	b.n	10001f12 <memset+0x1e>
10001f90:	461a      	mov	r2, r3
10001f92:	46a4      	mov	ip, r4
10001f94:	e7e0      	b.n	10001f58 <memset+0x64>
10001f96:	bf00      	nop

10001f98 <memcpy>:
10001f98:	4684      	mov	ip, r0
10001f9a:	ea41 0300 	orr.w	r3, r1, r0
10001f9e:	f013 0303 	ands.w	r3, r3, #3
10001fa2:	d149      	bne.n	10002038 <memcpy+0xa0>
10001fa4:	3a40      	subs	r2, #64	@ 0x40
10001fa6:	d323      	bcc.n	10001ff0 <memcpy+0x58>
10001fa8:	680b      	ldr	r3, [r1, #0]
10001faa:	6003      	str	r3, [r0, #0]
10001fac:	684b      	ldr	r3, [r1, #4]
10001fae:	6043      	str	r3, [r0, #4]
10001fb0:	688b      	ldr	r3, [r1, #8]
10001fb2:	6083      	str	r3, [r0, #8]
10001fb4:	68cb      	ldr	r3, [r1, #12]
10001fb6:	60c3      	str	r3, [r0, #12]
10001fb8:	690b      	ldr	r3, [r1, #16]
10001fba:	6103      	str	r3, [r0, #16]
10001fbc:	694b      	ldr	r3, [r1, #20]
10001fbe:	6143      	str	r3, [r0, #20]
10001fc0:	698b      	ldr	r3, [r1, #24]
10001fc2:	6183      	str	r3, [r0, #24]
10001fc4:	69cb      	ldr	r3, [r1, #28]
10001fc6:	61c3      	str	r3, [r0, #28]
10001fc8:	6a0b      	ldr	r3, [r1, #32]
10001fca:	6203      	str	r3, [r0, #32]
10001fcc:	6a4b      	ldr	r3, [r1, #36]	@ 0x24
10001fce:	6243      	str	r3, [r0, #36]	@ 0x24
10001fd0:	6a8b      	ldr	r3, [r1, #40]	@ 0x28
10001fd2:	6283      	str	r3, [r0, #40]	@ 0x28
10001fd4:	6acb      	ldr	r3, [r1, #44]	@ 0x2c
10001fd6:	62c3      	str	r3, [r0, #44]	@ 0x2c
10001fd8:	6b0b      	ldr	r3, [r1, #48]	@ 0x30
10001fda:	6303      	str	r3, [r0, #48]	@ 0x30
10001fdc:	6b4b      	ldr	r3, [r1, #52]	@ 0x34
10001fde:	6343      	str	r3, [r0, #52]	@ 0x34
10001fe0:	6b8b      	ldr	r3, [r1, #56]	@ 0x38
10001fe2:	6383      	str	r3, [r0, #56]	@ 0x38
10001fe4:	6bcb      	ldr	r3, [r1, #60]	@ 0x3c
10001fe6:	63c3      	str	r3, [r0, #60]	@ 0x3c
10001fe8:	3040      	adds	r0, #64	@ 0x40
10001fea:	3140      	adds	r1, #64	@ 0x40
10001fec:	3a40      	subs	r2, #64	@ 0x40
10001fee:	d2db      	bcs.n	10001fa8 <memcpy+0x10>
10001ff0:	3230      	adds	r2, #48	@ 0x30
10001ff2:	d30b      	bcc.n	1000200c <memcpy+0x74>
10001ff4:	680b      	ldr	r3, [r1, #0]
10001ff6:	6003      	str	r3, [r0, #0]
10001ff8:	684b      	ldr	r3, [r1, #4]
10001ffa:	6043      	str	r3, [r0, #4]
10001ffc:	688b      	ldr	r3, [r1, #8]
10001ffe:	6083      	str	r3, [r0, #8]
10002000:	68cb      	ldr	r3, [r1, #12]
10002002:	60c3      	str	r3, [r0, #12]
10002004:	3010      	adds	r0, #16
10002006:	3110      	adds	r1, #16
10002008:	3a10      	subs	r2, #16
1000200a:	d2f3      	bcs.n	10001ff4 <memcpy+0x5c>
1000200c:	320c      	adds	r2, #12
1000200e:	d305      	bcc.n	1000201c <memcpy+0x84>
10002010:	f851 3b04 	ldr.w	r3, [r1], #4
10002014:	f840 3b04 	str.w	r3, [r0], #4
10002018:	3a04      	subs	r2, #4
1000201a:	d2f9      	bcs.n	10002010 <memcpy+0x78>
1000201c:	3204      	adds	r2, #4
1000201e:	d008      	beq.n	10002032 <memcpy+0x9a>
10002020:	07d2      	lsls	r2, r2, #31
10002022:	bf1c      	itt	ne
10002024:	f811 3b01 	ldrbne.w	r3, [r1], #1
10002028:	f800 3b01 	strbne.w	r3, [r0], #1
1000202c:	d301      	bcc.n	10002032 <memcpy+0x9a>
1000202e:	880b      	ldrh	r3, [r1, #0]
10002030:	8003      	strh	r3, [r0, #0]
10002032:	4660      	mov	r0, ip
10002034:	4770      	bx	lr
10002036:	bf00      	nop
10002038:	2a08      	cmp	r2, #8
1000203a:	d313      	bcc.n	10002064 <memcpy+0xcc>
1000203c:	078b      	lsls	r3, r1, #30
1000203e:	d0b1      	beq.n	10001fa4 <memcpy+0xc>
10002040:	f010 0303 	ands.w	r3, r0, #3
10002044:	d0ae      	beq.n	10001fa4 <memcpy+0xc>
10002046:	f1c3 0304 	rsb	r3, r3, #4
1000204a:	1ad2      	subs	r2, r2, r3
1000204c:	07db      	lsls	r3, r3, #31
1000204e:	bf1c      	itt	ne
10002050:	f811 3b01 	ldrbne.w	r3, [r1], #1
10002054:	f800 3b01 	strbne.w	r3, [r0], #1
10002058:	d3a4      	bcc.n	10001fa4 <memcpy+0xc>
1000205a:	f831 3b02 	ldrh.w	r3, [r1], #2
1000205e:	f820 3b02 	strh.w	r3, [r0], #2
10002062:	e79f      	b.n	10001fa4 <memcpy+0xc>
10002064:	3a04      	subs	r2, #4
10002066:	d3d9      	bcc.n	1000201c <memcpy+0x84>
10002068:	3a01      	subs	r2, #1
1000206a:	f811 3b01 	ldrb.w	r3, [r1], #1
1000206e:	f800 3b01 	strb.w	r3, [r0], #1
10002072:	d2f9      	bcs.n	10002068 <memcpy+0xd0>
10002074:	780b      	ldrb	r3, [r1, #0]
10002076:	7003      	strb	r3, [r0, #0]
10002078:	784b      	ldrb	r3, [r1, #1]
1000207a:	7043      	strb	r3, [r0, #1]
1000207c:	788b      	ldrb	r3, [r1, #2]
1000207e:	7083      	strb	r3, [r0, #2]
10002080:	4660      	mov	r0, ip
10002082:	4770      	bx	lr

10002084 <atexit>:
10002084:	2300      	movs	r3, #0
10002086:	4601      	mov	r1, r0
10002088:	461a      	mov	r2, r3
1000208a:	4618      	mov	r0, r3
1000208c:	f000 b842 	b.w	10002114 <__register_exitproc>

10002090 <strlen>:
10002090:	f020 0103 	bic.w	r1, r0, #3
10002094:	f010 0003 	ands.w	r0, r0, #3
10002098:	f1c0 0000 	rsb	r0, r0, #0
1000209c:	f851 3b04 	ldr.w	r3, [r1], #4
100020a0:	f100 0c04 	add.w	ip, r0, #4
100020a4:	ea4f 0ccc 	mov.w	ip, ip, lsl #3
100020a8:	f06f 0200 	mvn.w	r2, #0
100020ac:	bf1c      	itt	ne
100020ae:	fa22 f20c 	lsrne.w	r2, r2, ip
100020b2:	4313      	orrne	r3, r2
100020b4:	f04f 0c01 	mov.w	ip, #1
100020b8:	ea4c 2c0c 	orr.w	ip, ip, ip, lsl #8
100020bc:	ea4c 4c0c 	orr.w	ip, ip, ip, lsl #16
100020c0:	eba3 020c 	sub.w	r2, r3, ip
100020c4:	ea22 0203 	bic.w	r2, r2, r3
100020c8:	ea12 12cc 	ands.w	r2, r2, ip, lsl #7
100020cc:	bf04      	itt	eq
100020ce:	f851 3b04 	ldreq.w	r3, [r1], #4
100020d2:	3004      	addeq	r0, #4
100020d4:	d0f4      	beq.n	100020c0 <strlen+0x30>
100020d6:	f1c2 0100 	rsb	r1, r2, #0
100020da:	ea02 0201 	and.w	r2, r2, r1
100020de:	fab2 f282 	clz	r2, r2
100020e2:	f1c2 021f 	rsb	r2, r2, #31
100020e6:	eb00 00d2 	add.w	r0, r0, r2, lsr #3
100020ea:	4770      	bx	lr

100020ec <__libc_fini_array>:
100020ec:	b538      	push	{r3, r4, r5, lr}
100020ee:	4d07      	ldr	r5, [pc, #28]	@ (1000210c <__libc_fini_array+0x20>)
100020f0:	4c07      	ldr	r4, [pc, #28]	@ (10002110 <__libc_fini_array+0x24>)
100020f2:	1b2c      	subs	r4, r5, r4
100020f4:	10a4      	asrs	r4, r4, #2
100020f6:	d005      	beq.n	10002104 <__libc_fini_array+0x18>
100020f8:	3c01      	subs	r4, #1
100020fa:	f855 3d04 	ldr.w	r3, [r5, #-4]!
100020fe:	4798      	blx	r3
10002100:	2c00      	cmp	r4, #0
10002102:	d1f9      	bne.n	100020f8 <__libc_fini_array+0xc>
10002104:	e8bd 4038 	ldmia.w	sp!, {r3, r4, r5, lr}
10002108:	f000 b840 	b.w	1000218c <_fini>
1000210c:	100021e8 	.word	0x100021e8
10002110:	100021e8 	.word	0x100021e8

10002114 <__register_exitproc>:
10002114:	b470      	push	{r4, r5, r6}
10002116:	4d16      	ldr	r5, [pc, #88]	@ (10002170 <__register_exitproc+0x5c>)
10002118:	682c      	ldr	r4, [r5, #0]
1000211a:	b31c      	cbz	r4, 10002164 <__register_exitproc+0x50>
1000211c:	6865      	ldr	r5, [r4, #4]
1000211e:	2d1f      	cmp	r5, #31
10002120:	dc23      	bgt.n	1000216a <__register_exitproc+0x56>
10002122:	b938      	cbnz	r0, 10002134 <__register_exitproc+0x20>
10002124:	1c6b      	adds	r3, r5, #1
10002126:	2000      	movs	r0, #0
10002128:	3502      	adds	r5, #2
1000212a:	6063      	str	r3, [r4, #4]
1000212c:	f844 1025 	str.w	r1, [r4, r5, lsl #2]
10002130:	bc70      	pop	{r4, r5, r6}
10002132:	4770      	bx	lr
10002134:	eb04 0c85 	add.w	ip, r4, r5, lsl #2
10002138:	2802      	cmp	r0, #2
1000213a:	f8cc 2088 	str.w	r2, [ip, #136]	@ 0x88
1000213e:	f04f 0201 	mov.w	r2, #1
10002142:	f8d4 6188 	ldr.w	r6, [r4, #392]	@ 0x188
10002146:	fa02 f205 	lsl.w	r2, r2, r5
1000214a:	ea46 0602 	orr.w	r6, r6, r2
1000214e:	f8c4 6188 	str.w	r6, [r4, #392]	@ 0x188
10002152:	f8cc 3108 	str.w	r3, [ip, #264]	@ 0x108
10002156:	d1e5      	bne.n	10002124 <__register_exitproc+0x10>
10002158:	f8d4 318c 	ldr.w	r3, [r4, #396]	@ 0x18c
1000215c:	4313      	orrs	r3, r2
1000215e:	f8c4 318c 	str.w	r3, [r4, #396]	@ 0x18c
10002162:	e7df      	b.n	10002124 <__register_exitproc+0x10>
10002164:	4c03      	ldr	r4, [pc, #12]	@ (10002174 <__register_exitproc+0x60>)
10002166:	602c      	str	r4, [r5, #0]
10002168:	e7d8      	b.n	1000211c <__register_exitproc+0x8>
1000216a:	f04f 30ff 	mov.w	r0, #4294967295	@ 0xffffffff
1000216e:	e7df      	b.n	10002130 <__register_exitproc+0x1c>
10002170:	2000068c 	.word	0x2000068c
10002174:	200004fc 	.word	0x200004fc

10002178 <register_fini>:
10002178:	4b02      	ldr	r3, [pc, #8]	@ (10002184 <register_fini+0xc>)
1000217a:	b113      	cbz	r3, 10002182 <register_fini+0xa>
1000217c:	4802      	ldr	r0, [pc, #8]	@ (10002188 <register_fini+0x10>)
1000217e:	f7ff bf81 	b.w	10002084 <atexit>
10002182:	4770      	bx	lr
10002184:	00000000 	.word	0x00000000
10002188:	100020ed 	.word	0x100020ed

1000218c <_fini>:
1000218c:	b5f8      	push	{r3, r4, r5, r6, r7, lr}
1000218e:	bf00      	nop

10002190 <__mutex_exit_veneer>:
10002190:	f85f f000 	ldr.w	pc, [pc]	@ 10002194 <__mutex_exit_veneer+0x4>
10002194:	200002e9 	.word	0x200002e9

10002198 <__mutex_try_enter_block_until_veneer>:
10002198:	f85f f000 	ldr.w	pc, [pc]	@ 1000219c <__mutex_try_enter_block_until_veneer+0x4>
1000219c:	2000027d 	.word	0x2000027d

100021a0 <__pre_init_runtime_init_bootrom_reset>:
100021a0:	10001811                                ....

100021a4 <__pre_init_runtime_init_early_resets>:
100021a4:	10001785                                ....

100021a8 <__pre_init_runtime_init_usb_power_down>:
100021a8:	100017b9                                ....

100021ac <__pre_init_runtime_init_clocks>:
100021ac:	1000185d                                ]...

100021b0 <__pre_init_runtime_init_post_clock_resets>:
100021b0:	100017f1                                ....

100021b4 <__pre_init_runtime_init_boot_locks_reset>:
100021b4:	100016e9                                ....

100021b8 <__pre_init_runtime_init_spin_locks_reset>:
100021b8:	10001839                                9...

100021bc <__pre_init_runtime_init_bootrom_locking_enable>:
100021bc:	100016d5                                ....

100021c0 <__pre_init_runtime_init_mutex>:
100021c0:	10000999                                ....

100021c4 <__pre_init_runtime_init_install_ram_vector_table>:
100021c4:	1000183d                                =...

100021c8 <__pre_init_runtime_init_default_alarm_pool>:
100021c8:	10000d11                                ....

100021cc <__pre_init_first_per_core_initializer>:
100021cc:	10001735                                5...

100021d0 <__pre_init_runtime_init_per_core_bootrom_reset>:
100021d0:	10001825                                %...

100021d4 <__pre_init_runtime_init_per_core_enable_coprocessors>:
100021d4:	100017d5                                ....

100021d8 <__pre_init_spinlock_set_extexclall>:
100021d8:	10000879                                y...

100021dc <__pre_init_runtime_init_per_core_irq_priorities>:
100021dc:	100008a1                                ....

100021e0 <__init_array_start>:
100021e0:	10002179 	.word	0x10002179

100021e4 <__frame_dummy_init_array_entry>:
100021e4:	1000025d                                ]...

Disassembly of section .data:

20000110 <serve_forever>:
20000110:	e92d 4ff0 	stmdb	sp!, {r4, r5, r6, r7, r8, r9, sl, fp, lr}
20000114:	f04f 0a00 	mov.w	sl, #0
20000118:	f04f 4500 	mov.w	r5, #2147483648	@ 0x80000000
2000011c:	f04f 0820 	mov.w	r8, #32
20000120:	2401      	movs	r4, #1
20000122:	f04f 4950 	mov.w	r9, #3489660928	@ 0xd0000000
20000126:	4b32      	ldr	r3, [pc, #200]	@ (200001f0 <serve_forever+0xe0>)
20000128:	f8df e0d8 	ldr.w	lr, [pc, #216]	@ 20000204 <serve_forever+0xf4>
2000012c:	681e      	ldr	r6, [r3, #0]
2000012e:	4931      	ldr	r1, [pc, #196]	@ (200001f4 <serve_forever+0xe4>)
20000130:	4831      	ldr	r0, [pc, #196]	@ (200001f8 <serve_forever+0xe8>)
20000132:	4a32      	ldr	r2, [pc, #200]	@ (200001fc <serve_forever+0xec>)
20000134:	f8df c0d0 	ldr.w	ip, [pc, #208]	@ 20000208 <serve_forever+0xf8>
20000138:	4f31      	ldr	r7, [pc, #196]	@ (20000200 <serve_forever+0xf0>)
2000013a:	f006 061f 	and.w	r6, r6, #31
2000013e:	6853      	ldr	r3, [r2, #4]
20000140:	05db      	lsls	r3, r3, #23
20000142:	d4fc      	bmi.n	2000013e <serve_forever+0x2e>
20000144:	6a13      	ldr	r3, [r2, #32]
20000146:	f8d2 b004 	ldr.w	fp, [r2, #4]
2000014a:	f41b 7f00 	tst.w	fp, #512	@ 0x200
2000014e:	bf08      	it	eq
20000150:	f8d2 b024 	ldreq.w	fp, [r2, #36]	@ 0x24
20000154:	f8d2 b030 	ldr.w	fp, [r2, #48]	@ 0x30
20000158:	f01b 0f01 	tst.w	fp, #1
2000015c:	d02d      	beq.n	200001ba <serve_forever+0xaa>
2000015e:	6314      	str	r4, [r2, #48]	@ 0x30
20000160:	f3c3 2a07 	ubfx	sl, r3, #8, #8
20000164:	f50a 7a80 	add.w	sl, sl, #256	@ 0x100
20000168:	f831 b01a 	ldrh.w	fp, [r1, sl, lsl #1]
2000016c:	f3c3 4a07 	ubfx	sl, r3, #16, #8
20000170:	f50a 7a00 	add.w	sl, sl, #512	@ 0x200
20000174:	f831 a01a 	ldrh.w	sl, [r1, sl, lsl #1]
20000178:	b2db      	uxtb	r3, r3
2000017a:	f831 3013 	ldrh.w	r3, [r1, r3, lsl #1]
2000017e:	ea4b 0a0a 	orr.w	sl, fp, sl
20000182:	ea4a 0303 	orr.w	r3, sl, r3
20000186:	f3c3 3a42 	ubfx	sl, r3, #13, #3
2000018a:	f50a 7b44 	add.w	fp, sl, #784	@ 0x310
2000018e:	f831 b01b 	ldrh.w	fp, [r1, fp, lsl #1]
20000192:	f3c3 034b 	ubfx	r3, r3, #1, #12
20000196:	455b      	cmp	r3, fp
20000198:	d226      	bcs.n	200001e8 <serve_forever+0xd8>
2000019a:	f50a 7bc0 	add.w	fp, sl, #384	@ 0x180
2000019e:	f851 b02b 	ldr.w	fp, [r1, fp, lsl #2]
200001a2:	f1ba 0f04 	cmp.w	sl, #4
200001a6:	f85b 3023 	ldr.w	r3, [fp, r3, lsl #2]
200001aa:	d018      	beq.n	200001de <serve_forever+0xce>
200001ac:	f04f 0a01 	mov.w	sl, #1
200001b0:	6153      	str	r3, [r2, #20]
200001b2:	6803      	ldr	r3, [r0, #0]
200001b4:	4453      	add	r3, sl
200001b6:	6003      	str	r3, [r0, #0]
200001b8:	e7c1      	b.n	2000013e <serve_forever+0x2e>
200001ba:	f1ba 0f00 	cmp.w	sl, #0
200001be:	d0cf      	beq.n	20000160 <serve_forever+0x50>
200001c0:	f8de a000 	ldr.w	sl, [lr]
200001c4:	f10a 0a01 	add.w	sl, sl, #1
200001c8:	f8ce a000 	str.w	sl, [lr]
200001cc:	f8cc 50e8 	str.w	r5, [ip, #232]	@ 0xe8
200001d0:	f8cc 50e8 	str.w	r5, [ip, #232]	@ 0xe8
200001d4:	f8c7 8000 	str.w	r8, [r7]
200001d8:	f8c2 60f0 	str.w	r6, [r2, #240]	@ 0xf0
200001dc:	e7c0      	b.n	20000160 <serve_forever+0x50>
200001de:	f8d9 a004 	ldr.w	sl, [r9, #4]
200001e2:	f41a 4f00 	tst.w	sl, #32768	@ 0x8000
200001e6:	d0e1      	beq.n	200001ac <serve_forever+0x9c>
200001e8:	f04f 0a00 	mov.w	sl, #0
200001ec:	e7a7      	b.n	2000013e <serve_forever+0x2e>
200001ee:	bf00      	nop
200001f0:	20000d30 	.word	0x20000d30
200001f4:	200006f0 	.word	0x200006f0
200001f8:	20000d34 	.word	0x20000d34
200001fc:	50200000 	.word	0x50200000
20000200:	50202000 	.word	0x50202000
20000204:	20000d28 	.word	0x20000d28
20000208:	50201000 	.word	0x50201000

2000020c <mutex_enter_block_until>:
2000020c:	f04f 4150 	mov.w	r1, #3489660928	@ 0xd0000000
20000210:	e92d 41f0 	stmdb	sp!, {r4, r5, r6, r7, r8, lr}
20000214:	2700      	movs	r7, #0
20000216:	4604      	mov	r4, r0
20000218:	4616      	mov	r6, r2
2000021a:	461d      	mov	r5, r3
2000021c:	f8d1 8000 	ldr.w	r8, [r1]
20000220:	e009      	b.n	20000236 <mutex_enter_block_until+0x2a>
20000222:	6823      	ldr	r3, [r4, #0]
20000224:	e8c3 7f8f 	stlb	r7, [r3]
20000228:	f38c 8810 	msr	PRIMASK, ip
2000022c:	4630      	mov	r0, r6
2000022e:	4629      	mov	r1, r5
20000230:	f000 f87a 	bl	20000328 <__best_effort_wfe_or_timeout_veneer>
20000234:	b9f0      	cbnz	r0, 20000274 <mutex_enter_block_until+0x68>
20000236:	6821      	ldr	r1, [r4, #0]
20000238:	f3ef 8c10 	mrs	ip, PRIMASK
2000023c:	b672      	cpsid	i
2000023e:	e8d1 2fcf 	ldaexb	r2, [r1]
20000242:	2301      	movs	r3, #1
20000244:	2a00      	cmp	r2, #0
20000246:	d1fa      	bne.n	2000023e <mutex_enter_block_until+0x32>
20000248:	e8c1 3f42 	strexb	r2, r3, [r1]
2000024c:	2a00      	cmp	r2, #0
2000024e:	d1f6      	bne.n	2000023e <mutex_enter_block_until+0x32>
20000250:	f3bf 8f5f 	dmb	sy
20000254:	f994 e004 	ldrsb.w	lr, [r4, #4]
20000258:	f1be 0f00 	cmp.w	lr, #0
2000025c:	dae1      	bge.n	20000222 <mutex_enter_block_until+0x16>
2000025e:	2300      	movs	r3, #0
20000260:	6822      	ldr	r2, [r4, #0]
20000262:	f884 8004 	strb.w	r8, [r4, #4]
20000266:	e8c2 3f8f 	stlb	r3, [r2]
2000026a:	f38c 8810 	msr	PRIMASK, ip
2000026e:	2001      	movs	r0, #1
20000270:	e8bd 81f0 	ldmia.w	sp!, {r4, r5, r6, r7, r8, pc}
20000274:	2000      	movs	r0, #0
20000276:	e8bd 81f0 	ldmia.w	sp!, {r4, r5, r6, r7, r8, pc}
2000027a:	bf00      	nop

2000027c <mutex_try_enter_block_until>:
2000027c:	b530      	push	{r4, r5, lr}
2000027e:	4601      	mov	r1, r0
20000280:	6804      	ldr	r4, [r0, #0]
20000282:	f3ef 8c10 	mrs	ip, PRIMASK
20000286:	b672      	cpsid	i
20000288:	e8d4 efcf 	ldaexb	lr, [r4]
2000028c:	2501      	movs	r5, #1
2000028e:	f1be 0f00 	cmp.w	lr, #0
20000292:	d1f9      	bne.n	20000288 <mutex_try_enter_block_until+0xc>
20000294:	e8c4 5f4e 	strexb	lr, r5, [r4]
20000298:	f1be 0f00 	cmp.w	lr, #0
2000029c:	d1f4      	bne.n	20000288 <mutex_try_enter_block_until+0xc>
2000029e:	f3bf 8f5f 	dmb	sy
200002a2:	f990 4004 	ldrsb.w	r4, [r0, #4]
200002a6:	2c00      	cmp	r4, #0
200002a8:	db11      	blt.n	200002ce <mutex_try_enter_block_until+0x52>
200002aa:	2100      	movs	r1, #0
200002ac:	6805      	ldr	r5, [r0, #0]
200002ae:	e8c5 1f8f 	stlb	r1, [r5]
200002b2:	f38c 8810 	msr	PRIMASK, ip
200002b6:	f04f 4c50 	mov.w	ip, #3489660928	@ 0xd0000000
200002ba:	f99c c000 	ldrsb.w	ip, [ip]
200002be:	45a4      	cmp	ip, r4
200002c0:	d101      	bne.n	200002c6 <mutex_try_enter_block_until+0x4a>
200002c2:	4608      	mov	r0, r1
200002c4:	bd30      	pop	{r4, r5, pc}
200002c6:	e8bd 4030 	ldmia.w	sp!, {r4, r5, lr}
200002ca:	f7ff bf9f 	b.w	2000020c <mutex_enter_block_until>
200002ce:	f04f 4050 	mov.w	r0, #3489660928	@ 0xd0000000
200002d2:	6800      	ldr	r0, [r0, #0]
200002d4:	2300      	movs	r3, #0
200002d6:	680a      	ldr	r2, [r1, #0]
200002d8:	7108      	strb	r0, [r1, #4]
200002da:	e8c2 3f8f 	stlb	r3, [r2]
200002de:	f38c 8810 	msr	PRIMASK, ip
200002e2:	2001      	movs	r0, #1
200002e4:	bd30      	pop	{r4, r5, pc}
200002e6:	bf00      	nop

200002e8 <mutex_exit>:
200002e8:	6803      	ldr	r3, [r0, #0]
200002ea:	f3ef 8210 	mrs	r2, PRIMASK
200002ee:	b672      	cpsid	i
200002f0:	e8d3 cfcf 	ldaexb	ip, [r3]
200002f4:	2101      	movs	r1, #1
200002f6:	f1bc 0f00 	cmp.w	ip, #0
200002fa:	d1f9      	bne.n	200002f0 <mutex_exit+0x8>
200002fc:	e8c3 1f4c 	strexb	ip, r1, [r3]
20000300:	f1bc 0f00 	cmp.w	ip, #0
20000304:	d1f4      	bne.n	200002f0 <mutex_exit+0x8>
20000306:	f3bf 8f5f 	dmb	sy
2000030a:	f04f 0cff 	mov.w	ip, #255	@ 0xff
2000030e:	2300      	movs	r3, #0
20000310:	6801      	ldr	r1, [r0, #0]
20000312:	f880 c004 	strb.w	ip, [r0, #4]
20000316:	e8c1 3f8f 	stlb	r3, [r1]
2000031a:	f382 8810 	msr	PRIMASK, r2
2000031e:	bf40      	sev
20000320:	4770      	bx	lr
20000322:	bf00      	nop
20000324:	0000      	movs	r0, r0
	...

20000328 <__best_effort_wfe_or_timeout_veneer>:
20000328:	f85f f000 	ldr.w	pc, [pc]	@ 2000032c <__best_effort_wfe_or_timeout_veneer+0x4>
2000032c:	10001041 	.word	0x10001041

20000330 <striped_spin_lock_num>:
20000330:	00000010                                ....

20000334 <default_alarm_pool>:
	...
20000348:	20000360                                `.. 

2000034c <malloc_mutex>:
	...

20000354 <print_mutex>:
	...
