:020000041000EA
:10000000002008205D0100101301001015010010F0
:100010001101001011010010110100101101001058
:100020001101001011010010110100101701001042
:100030001101001011010010190100101B01001026
:100040001D0100101D0100101D0100101D010010F8
:100050001D0100101D0100101D0100101D010010E8
:100060001D0100101D0100101D0100101D010010D8
:100070001D0100101D0100101D0100101D010010C8
:100080001D0100101D0100101D0100101D010010B8
:100090001D0100101D0100101D0100101D010010A8
:1000A0001D0100101D0100101D0100101D01001098
:1000B0001D0100101D0100101D0100101D01001088
:1000C0001D0100101D0100101D0100101D01001078
:1000D0001D0100101D0100101D0100101D01001068
:1000E0001D0100101D0100101D0100101D01001058
:1000F0001D0100101D0100101D0100101D01001048
:100100001D0100101D0100101D0100101D01001037
:1001100000BE00BE00BE00BE00BE00BEEFF3058004
:10012000103800BEF2EB8871A8A30010C4A3001021
:10013000A801001090A31AE7D3DEFFFF42012110AF
:10014000FF010000D8A40000793512AB4FF0000089
:100150002049086006C881F3088810474FF05040D6
:10016000006810B14FF00000F2E70FA40ECC002998
:1001700002D000F015F8F9E71749184A002000E00E
:1001800001C19142FCD1002080F30A8814498847BC
:10019000144988471449884700BEFDE701C901C2D8
:1001A0009A42FBD3704700BFC4A300101001002087
:1001B0005C03002010A600100000082000000820AA
:1001C00010A60010001008200010082000000000F9
:1001D0007047000008ED00E05C030020600D022085
:1001E0007D1900108102001075190010F8B500BFCC
:1001F0000348044B834202D0034B03B118477047B6
:100200005C0300205C03002000000000064B07494F
:10021000C91A891048BF0131491003D0044B0BB1F2
:1002200001481847704700BF5C0300205C030020B2
:100230000000000010B5064C237843B9FFF7D8FF43
:10024000044B13B10448AFF300800123237010BDA9
:10025000E004002000000000E821001008B5044B75
:100260001BB104490448AFF30080BDE80840CDE766
:1002700000000000E4040020E8210010000000005D
:100280002DE9F04F2DED028B19208DB000F064FAAE
:1002900019244FF0000343EC44404FF05046012234
:1002A0002046002100F024FA3220002100F04AFF0D
:1002B000002220460121756800F01AFA3220002140
:1002C00000F040FF0022204674681146C5F34065E7
:1002D000C4F3406400F00CFAA54203D100210846A3
:1002E00001F0EAF908AE04AD33462A467A4803A97C
:1002F00001F09CF8804618B97749784800F050FA28
:10030000774FDDE90301089A00F0CEFF39467548C2
:1003100000F006F93B6813F4407F40F0D580724B43
:1003200072491A68082372480093724B00F002F970
:100330000024A4F10803012B40F2C48020460621CA
:1003400000F0B8F92046012100F0F6F9204602211C
:10035000013400F0E1F9182CEBD1012200210C202E
:1003600000F0C6F9012200210E2000F0C1F901229F
:1003700000210F2000F0BCF93B68002201215E48FB
:1003800001F02EFD5D495C4801F0AEFC9FED508B05
:1003900000244FF4402ADFF878B15949CBF8000027
:1003A000554801F0A1FC8DED048BCDE906A4DBF8E6
:1003B00000C0DFF860910CF102034FEACC1E4EEA58
:1003C000033EC9F8000095E80F0086E80F00DFF84B
:1003D00048B1CDF824E096E80F0085E80F006246AA
:1003E00021462B464448CDF818B001F02FFD8DED85
:1003F000048B4FF0C07BD9F800C0CDE906A40CF106
:100400000D034FEACC1E4EEA033E364B3C681F6894
:1004100095E80F0086E80F00DFF800A1CDF824E092
:1004200096E80F0085E80F0001212B46624632480E
:10043000CDE906AB01F00AFD2F494B689B03FCD4C4
:1004400048F280004AF227032B4A4F61C1F8F000BE
:10045000C1F8F030536813F40033FBD148F2800147
:100460009B464AF247035461C2F8F010C2F8F030DC
:1004700013681D2043F00303136000F06DF91D2580
:100480004FF0010343EC44501E4801F009FC1E4F9D
:100490005A465B461D4E0AE0524508BF002343EC16
:1004A0004050642000F0B6FDCB4623465246D7F8B4
:1004B000009083F00104CB45D6F800A0E4B2EBD164
:1004C0004346ECE7013434E701F036F927E700BF93
:1004D0000000010000F00100400D0300E8210010C1
:1004E000240D0020200D00201423001018230010DC
:1004F000F0060020380D002000002050F4220010EB
:10050000D022001011010020340D0020280D002001
:100510002C0D0020300D0020000089810000890191
:10052000024A034B02600B60704700BFFF2CF800CB
:10053000FF2CFA002DE9F84F4FF001090D46174640
:1005400000214FF4C06204461E46DDF8288001F009
:10055000D1FCDFF85CE10EF1100BCEF1000A0AEBE2
:100560000E0C1EF8013F09FA0CFC03F00700DB0833
:1005700004EB4322002309FA00F01FFA8CFC184216
:1005800003F1010303D111884CEA01011180B3F595
:10059000807F02F10202F2D1DE45E0D1202200216B
:1005A00004F5C06001F0A6FC4FF0000EC4F820E690
:1005B000C4F824E6C4F828E6C4F82CE6002F75D069
:1005C000B8F1000F72D0B146EE88002E58D0A9685D
:1005D000A9F1040001EB460C31F8022BD34303F0E0
:1005E0000103DB0012F0020F08BF43F0040312F016
:1005F000040F08BF43F0020312F0080F08BF43F0D6
:10060000010312F0100F08BF43F4002312F0200F73
:1006100008BF43F4801312F0400F08BF43F40013E7
:1006200012F0800F08BF43F4800312F4807F08BFEC
:1006300043F4000312F4007F08BF43F0800312F478
:10064000806F08BF43F0400312F4006F08BF43F00F
:10065000200312F4805F08BF43F0100312F4005F20
:1006600008BF43F4006312F4804F08BF43F4005303
:10067000D20B08BF43F480638C4540F8043FABD1F4
:100680002B790EF1010EDB4303F0070303F5C07273
:10069000774503F5447344F8229024F8136005D09D
:1006A000F04505F10C0509F580498DD1BDE8F88FBD
:1006B0000323001010B44FF480740C4B53F8202027
:1006C00003EB8003C00082F0400200F1804003F59C
:1006D000805C02F0C00200F5203003F54053CCF8F6
:1006E000002041601C605DF8044B704704800340AB
:1006F00010B4084CC90041EA820154F8202004EBF0
:100700008003514003F5805301F00C015DF8044B68
:100710001960704704800340064B53F8202003EB18
:10072000800382EA011202F0300203F580531A605E
:10073000704700BF04800340064B402203EB800358
:1007400019B103F500531A60704703F540531A605E
:10075000704700BF0480034030B44FF0000343EC07
:10076000440043EC400005254FF480740B4BC2005D
:1007700053F8201003EB800081F0400102F1804328
:1007800003F5203301F0C00200F5805100F5405020
:100790000A605D60046030BC704700BF04800340A5
:1007A0000FB400B583B0049C074801F00DFA3CB1CA
:1007B00005A92046019101F0C3F8044801F004FAAC
:1007C000012001F0D5F800BF502200106022001077
:1007D000EFF3108072B6064BD3E8CF1F0122002939
:1007E000FAD1C3E8412F0029F6D1BFF35F8F7047DC
:1007F0009B0600200023034AC2E88F3F80F3108845
:10080000704700BF9B06002070B58646EFF3108549
:1008100072B6124CD4E8CF6F0120002EFAD1C4E892
:10082000460F002EF6D1BFF35F8F4FF0010CC808C2
:1008300001F007030CFA03F31EF800C01CEA0306DC
:1008400008D14CEA030C0EF800C0C4E88F6F85F3A2
:10085000108870BD1046FFF7A3FF00BF9B06002065
:10086000044A1078431CDBB2182B28BF10231370E6
:10087000704700BF300300204FF0E022936843F040
:1008800000539360704700BF0021044B03F1200226
:10089000C3E88F1F01339342FAD1704790060020BE
:1008A0004FF0E0234FF08032C3F80024C3F8042453
:1008B000C3F80824C3F80C24C3F81024C3F8142484
:1008C000C3F81824C3F81C24C3F82024C3F8242434
:1008D000C3F82824C3F82C24C3F83024704700BF81
:1008E000012300F01F029340400941B1800000F154
:1008F000604000F56140C0F8803103607047024AF3
:10090000203042F82030704700E100E00123064A21
:10091000410952F8212000F01F008340134214BF08
:1009200001200020704700BF00E100E0F8B50D464F
:10093000EFF3108772B6124ED6E8CF2F0123002AAC
:10094000FAD1C6E8423F002AF6D1BFF35F8F0D4BC4
:1009500000F110049B680C4A53F82430934203D0F2
:10096000994201D000F0E8FE064B9B6843F8245002
:10097000BFF35F8F0023C6E88F3F87F31088F8BD71
:100980009906002000ED00E01D010010014B0B4412
:10099000036070479006002070B5104C104DAC42BB
:1009A0000ED2FF26236863B1FFF75AFF01462046A7
:1009B000FFF7ECFFA680BFF35F8F0834AC42F1D3A2
:1009C00070BDFFF74DFF01462046FFF7DFFF2671A0
:1009D000BFF35F8F0834AC42E4D370BD4C030020FA
:1009E0005C0300200D4B1A68EFF3108172B6D2E859
:1009F000CFCF0120BCF1000FF9D1C2E84C0FBCF100
:100A0000000FF4D1BFF35F8F00221B68C3E88F2F64
:100A100081F3108840BF0020002170475C0D022048
:100A20002DE9F04F2DED028B85B0EFF30583DBB29E
:100A3000103B9A0818BF01224FF0010103F0030098
:100A400018BFAF4DAF4B08BFAF4D00EB820253F85C
:100A5000226001FA00FB05F541539FEDA78B019041
:100A6000C3F804B02EE0B388180440F19280B37943
:100A7000002B40F0DC80B6F908100029C0F21D817F
:100A8000736901EB410103EBC103D3E90247B7F1FD
:100A9000FF3F08BFB4F1FF3F0DD0019B05EB830181
:100AA000AB6A0A69D21AE31A934203D32B6A13EA98
:100AB0000B0F00D10C61284600F032FBA042B94177
:100AC000C0F2FB80B6F90830C5F83CB0002B0093AB
:100AD000C9DBD6F8149003EB430A284609EBCA0792
:100AE000D7E9024800F01CFBA04271EB0801BADB19
:100AF000B8F1000FC0F2C380D7E90431834A9342B2
:100B000000F0ED807A88B6F9080092B242EA00401F
:100B1000984702460B4652EA030100F0B080002BD2
:100B200080F2D180B4EB020E68EB030839F93A3059
:100B3000C7E902E8002B96DB716903EB430201EB86
:100B4000C202D2E90270BE4578EB000C4FEA4302C4
:100B500089DBB4462CF8083F0BE031F93230A4466B
:100B6000002B0DDB03EB430001EBC0005A00D0E982
:100B70000270BE451A4478EB000001EBC204ECDAC7
:100B800029F83A30009BACF80030B38818043FF5E0
:100B90006EAF3369EFF3108272B6D3E8CF0F012145
:100BA0000028FAD1C3E8401F0028F6D1BFF35F8FB9
:100BB0004FF6FF74B0880023316900B2B480C1E8F9
:100BC0008F3F82F310889842FFF651AF0746A9463F
:100BD000746906F1080807EB470E04EBCE03D3E96E
:100BE0000250B6F90830C446002B13DBB24600971A
:100BF00004E034F936309446002B09DB03EB43065E
:100C000004EBC602D2E90271BD4270EB0101F0DAD9
:100C10005646009FACF8007034F93E7024F83E3020
:100C2000002FD8DAB3794D46002B3FF424AF0023D0
:100C3000B371B6F9083006F10808591C3DD01946C1
:100C4000776903E080465A1C3FF417AF03EB430279
:100C500007EBC200B0F802C01C461CF4004F9E46D1
:100C600037F93230EED08C4280ED028B05D0A8F8F7
:100C70000030318927F8321034817146E3E739F8C2
:100C80003A3033813369EFF3108272B6D3E8CF0F75
:100C900001210028FAD1C3E8401F0028F6D1BFF394
:100CA0005F8F7388316929F83A30009B7380002385
:100CB000C1E88F3F82F31088D5E640BF05B0BDEC98
:100CC000028BBDE8F08F2846CDE9022300F028FA18
:100CD000029A039B10EB020E43EB010826E708463D
:100CE0000B69029198470028C9D00299D1E90023E5
:100CF00011E700BFAFF30080FFFFFFFFFFFFFFFF23
:100D000000800B403C0D022000000B40210A001027
:100D10002DE9F84F364C25692DB1BDE8F84F0A2171
:100D20003448FFF733BEDFF8E4800321404600F08B
:100D3000E5F90326C4F80C80FFF792FD4FF0504C04
:100D40002D4B267003442361DCF800300F216370C3
:100D5000636961801D834FF00405A3F878504FF05C
:100D60000505A3F890504FF00605A3F8A8504FF0E2
:100D700007050E214FF6FF7208274FF00A0EA3F861
:100D8000C0504FF001094FF00C0C4FF0020B4FF028
:100D9000090A0D204FF00B05A3F868111749A2802E
:100DA000A3F808E1A160A3F848B0A3F8F0A0A3F865
:100DB0002051A3F838C1A3F85001A3F83090A3F84C
:100DC0006060A3F8D8701A800D4B3046C8F82070C8
:100DD0000C49DC60FFF7AAFD49463046FFF780FD6D
:100DE000094B0A211F640348BDE8F84FFFF7CEBD49
:100DF000340300205C0D022090060020FFFF10004D
:100E00003C0D0220210A001000200B4000000B4086
:100E10000146F0B50069EFF3108772B6D0E8CF5FF6
:100E20000124002DFAD1C0E8454F002DF6D1BFF3C3
:100E30005F8FB1F902E04C690EEB4E0CBEF1000F72
:100E40004FEACC0504EBCC0C3DDB605B0026488010
:100E50000869C0E88F6F87F31088BCF80200CCE9FE
:100E600002230130C0F30E00012838BF0120059B8A
:100E7000ACF80200CCF81030069B40EA0E40CCF8EB
:100E800014300B69EFF3108272B6D3E8CFCF01278D
:100E9000BCF1000FF9D1C3E84C7FBCF1000FF4D1D5
:100EA000BFF35F8F8B886353A1F804E00B69C3E83D
:100EB0008F6F82F310880122CB68097803F5015304
:100EC0008A405A60F0BD00230A69C2E88F3F87F369
:100ED00010884FF0FF30F0BD03464089B0EB214F42
:100EE00037DD58690A1402EB420210B500EBC2006C
:100EF0001C69EFF3108C72B6D4E8CFEF0122BEF17B
:100F0000000FF9D1C4E84E2FBEF1000FF4D1BFF3AA
:100F10005F8F428889B292B28A4207D000221B6951
:100F2000C3E88F2F8CF31088002010BD42F40042DC
:100F300042800121002218699971C0E88F2F8CF33B
:100F400010881C78DA68084602F50153A140596000
:100F500010BD0020704700BF2DE9F041861F41F110
:100F6000FF35B04271EB050338BF002682B038BFB1
:100F7000354604460F4600F0DBF8301A65EB0103F6
:100F8000012873F1000306DA2046394602B0BDE8B5
:100F9000F04100F009B900F0CBF8864265EB0101A1
:100FA00000290ADB0021174B3246009316482B46D6
:100FB0000191FFF72DFF0028E6DB4FF0000C1348EE
:100FC000134A436A9D4204D8816AB142DCD29D42F1
:100FD000DAD11368EFF3108172B6D3E8CF8F5FF0E8
:100FE000010EB8F1000FF8D1C3E848EFB8F1000FD7
:100FF000F3D1BFF35F8F1368C3E88FCF81F31088FD
:1010000020BFDEE7E50900103403002000000B409C
:101010005C0D022010B5044600F08AF84FF47A7394
:101020004FF0FF3C6FF00042E4FB0301BDE81040CD
:10103000844572EB01033CBF60461146FFF78CBF4D
:101040002DE9F04306460D4683B0EFF30584E4B284
:101050003CB1274B586AA8421CD2002003B0BDE81F
:10106000F083244FD7F80C9097F80080484600F0A2
:1010700057F808F1040859F828301B1A301A65EBA4
:101080000101984271F1000111DB20BF184B586A31
:10109000A842E2D39B6AB34203D3012003B0BDE868
:1010A000F083401B18BF012003B0BDE8F08300F0BF
:1010B0003FF8864265EB01010029CADB0E4B38463A
:1010C000CDE9003432462B46FFF7A2FE011EC0DDFB
:1010D000074B5A6AAA4208D39B6AB34203D3054816
:1010E000FFF7FAFEB5E7AA42F9D120BFF7E700BF44
:1010F00000000B4034030020E509001010B4054B3C
:10110000054C064AA04214BF1846581C5DF8044B13
:10111000FFF77ABBBC06002000800B406422001061
:101120000346416A0A46986A596A8A42FAD1704768
:10113000034B596A0A46986A596A9142FAD1704734
:1011400000000B4010B4174A536A9C46946A536AD5
:101150006345FAD1001959414FF0000228BF01221E
:101160000346CAB10F4B596A4B1C08BF0B4608D047
:101170004FF0FF310B460B48426A8A42FCD38A4249
:1011800007D1084A02E0506A884202D1906A984228
:10119000F9D35DF8044B7047024A526A9142EAD88B
:1011A000EDE700BF00000B40074A536A9942FCD8A4
:1011B000994207D1044B02E05A6A914202D19A6ADD
:1011C0008242F9D3704700BF00000B4000EB400C97
:1011D0004FEA8C0C0CF1804C0CF5803CF0B51646B7
:1011E000DCF80420051FB2F5803F38BF4FF4803291
:1011F000EDB238BFCCF80420012D2AD94FF4006796
:10120000254C0CF54052176054F82020B2B9DCF898
:101210000020012D82EA461202F0E0020CF5805611
:1012200032602AD94FF4006144F820304FF4803303
:101230000CF500521160CCF80430F0BD6769B7FBC3
:10124000F2FE0EF1010E0EEB4E0EBEF1030EFCD2BD
:10125000DDE70129D2D103240CF540521460DCF8FB
:101260000820D207FBD5DCF800200B4C82EA46129E
:1012700002F0E0020CF5805632600122DCF80050EA
:101280004D4005F00305356002FA01F1DCF8082055
:101290000A42FBD0C6E700BFC0060020014B53F84E
:1012A00020007047C0060020584B2DE9F0431C6C0D
:1012B0001746B4F5803F38BF4FF480320E464FF0EA
:1012C0000301804638BF1A64514A504B83B0D16342
:1012D0005C6CE507FCD5DA6B4E4982F0200202F027
:1012E000E002CA63DB6B494D83F0010303F00303A3
:1012F000CB636C6CA407FCD54FF400624FF48039CB
:10130000454B464CDA63464B424663610121334606
:10131000C5F840904348009700F056F94FF400613B
:101320006B6B07FB06F64B4538BFC5F83490384B5E
:101330002269B8FBF6F619633AB16369B3FBF2F3BD
:10134000013303EB4303033BFDD2304B31491A6BAE
:1013500002F0E0020A631A6B82F0020202F003025A
:101360000A63996B4807FCD54FF400654FF480324F
:1013700029490D632C495A632161196C91424FF040
:10138000030138BF1A64224B204AD963536CD90732
:10139000FCD5D36B1F4D03F0E003EB63D36B1B490C
:1013A00083F0010303F00303EB634B6C9B07FCD555
:1013B0004FF480334FF40065174A6661D5630B64C0
:1013C000CA6C9A4238BFCB644FF40061104BA269DB
:1013D00099643AB16369B3FBF2F3013303EB43035E
:1013E000033BFDD24FF400604FF48031074A094DB2
:1013F000936C83F0400303F0E003AB64064B084DAD
:10140000A5619864D16403B0BDE8F0830000014099
:10141000003001400010014000200140C0060020C3
:10142000006CDC0200000540001BB7002DE9F04F06
:101430004FF4A078994685B0CDE902125F4CDFF8F1
:1014400084A154450AD908F1FF38A4F53B54B8F1FA
:101450000F0FA4F12004F4D1002069E0072304F564
:101460003722019403FB03F402F5D872B2FBF4FEB9
:1014700070454FF0010C4FF002074FF003064FF09C
:1014800004054FF005013FD0B3F1010E00F0948048
:101490000EFB03F4B2FBF4FB58454CD019B301FB2F
:1014A00003F4B2FBF4FB58454FD0E5B105FB03F460
:1014B000B2FBF4FB584553D0AEB106FB03F4B2FBCC
:1014C000F4FB584557D077B107FB03F4B2FBF4FBAC
:1014D00058455BD0BCF1000F05D00CFB03F4B2FB08
:1014E000F4FB83455DD0734603FB03F4B2FBF4FECB
:1014F000704501F1FF3105F1FF3506F1FF3607F1C7
:10150000FF370CF1FF3CBFD104FB1024002CBBD1F2
:101510009E464A46DDF808B0DDF80C9001202849C7
:1015200001FB08F1CBF80010C9F80030C2F800E068
:1015300005B0BDE8F08F04FB1024002CAED14A4664
:10154000DDF808B0DDF80C90E8E704FB1024002C6F
:10155000ABD14A468E46DDF808B0DDF80C90DDE7E9
:1015600004FB1024002CA7D14A46AE46DDF808B093
:10157000DDF80C90D2E704FB1024002CA3D14A46DE
:10158000B646DDF808B0DDF80C90C7E704FB102480
:10159000002C9FD14A46BE46DDF808B0DDF80C901D
:1015A000BCE704FB1024002C9DD14A46E646DDF83A
:1015B00008B0DDF80C90B1E7019C44E750262F00FD
:1015C000001BB70050F80C0070B4039D04682D0395
:1015D00045EA03451B4B002CB3FBF1F3B2FBF3F6DA
:1015E0001FDB194A194B904214BF4FF480424FF44D
:1015F0000042174C1A6003F580531A60A36832EA60
:101600000303FBD1212200F54053043301608660BF
:101610001A600268002AFCDA0822C5601A6070BCF1
:101620007047036803F03F038B42DAD18368C3F34A
:101630000B03B342D5D1C36803F4EE23AB42D0D140
:10164000EDE700BF001BB70000800540002002400E
:1016500000000240012300EB4000800000F18040C8
:1016600000F5841041600360704700BF002370B52F
:10167000DB8A04460D46002242E800F2520254BFC3
:101680001021042144F25220984786462B462246D8
:10169000F446BDE870400A214FF48170604700BFF6
:1016A0000023DB8A002242E800F2520201D410211A
:1016B00018470421184700BF08B5034608462BB158
:1016C00093FAA3F3B3FA83F341F020001946FFF72E
:1016D000CDFF00BF034AD2F82838002BFBD0BFF360
:1016E0005F8F704700000E400021044B044ABFF397
:1016F0005F8F43F8041B9342F9D170470C080E40EA
:101700002C080E4010B44FF48D704FF42A64064A32
:10171000064B07491460D06019605368002BFCDA4F
:101720005DF8044B704700BF0080044000A00440F7
:1017300000B0FA00704700BF08B50148FFF730F865
:101740008822001038B5054C054DAC4204D254F83F
:10175000043B9847AC42FAD338BD00BFA02100102B
:10176000E021001038B5054C054DAC4204D254F8C8
:10177000043B9847AC42FAD338BD00BFCC210010DF
:10178000E021001010B40748074C084B084A0949EB
:1017900004601A608B6832EA0303FBD15DF8044BE6
:1017A000704700BF002002407F3BEFEF0030024057
:1017B000F6FFF30300000240044BDB6CB3F5004F6F
:1017C00003D14FF48022024BDA64704700001150BD
:1017D000002011504FF0E022044BD2F8881D0B433B
:1017E000C2F8883D10EE3004704700BF030330009C
:1017F0006FF06041044B054A19609368DB4333F096
:101800006043FAD1704700BF003002400000024040
:1018100010B545F25320FFF743FFBDE810400346E3
:101820000420184710B545F25320FFF739FFBDE8F3
:101830001040034601201847FFF726B810B5054BA6
:10184000054C4FF488721846A16800F0A5FBA06013
:1018500010BD00BF0000002000ED00E0002370B5C7
:101860002B4C82B0C4F88430FFF74CFF0122294B87
:10187000DA63636C012BFCD10321264A244B1163EC
:101880009C6B012CFCD10226052521460523224A0A
:1018900022480096FFF798FE21462B46204A214811
:1018A0000095FFF791FE0022042031461E4BFFF702
:1018B0008DFC2146284600221C4BFFF787FC0022A6
:1018C000082011461A4BFFF781FC0022092011461F
:1018D000174BFFF77BFC002206201146134BFFF746
:1018E00075FC0022114B07201146FFF76FFC042006
:1018F000FFF7D4FC00240F4BA3FB0035AD0CE0B286
:1019000029460134FFF7A6FE062CF8D102B070BDBF
:101910000000014000300140002F685900000540E0
:10192000008C864700800540001BB70080D1F0087E
:10193000006CDC0283DE1B4300B9704700F002B983
:1019400010B5094B84B01C684CB1034600914FF0B0
:10195000FF3203A90548A047012004B010BD00F0E4
:1019600033F9204604B010BD380D0220391900109B
:1019700000BEFDE708B5FFF7FBFF00BF38B5064C1A
:10198000064DFFF7DFFEAC4204D254F8043B984703
:10199000AC42FAD338BD00BFE0210010E8210010AE
:1019A0000368084611461847437D2DE9F0478146F4
:1019B0000F461646002B43D0002A3BDD037D002056
:1019C0004D1E014615F8012FDFF884800A2A01F127
:1019D00001040ED0A6421CD02B782146A3F10D03A2
:1019E000B3FA83F315F8012F5B090A2A01F1010408
:1019F000F0D1002BEED18142A1EB000138441BDC79
:101A000002214046D9F800309847A64208D0204627
:101A1000E2E7864204DD311AD9F8003038449847AD
:101A2000374417F8013CA3F10D03B3FA83F35B09C4
:101A300089F81430BDE8F087D9F800309847DFE71F
:101A40003846D9F800301146BDE8F047184700BFC6
:101A50009CA300102DE9F04782B00D4692469946AE
:101A60000746FFF765FB4FF0FF366FF000442F4A43
:101A7000821841F10003964274EB03013CBF3246E9
:101A800023462B4800F088FB6B1C804603D1384668
:101A900000F0FEFA0546274B274E1C68274BB9F18C
:101AA000000F18BF1E46B4B1BAF1000F1AD1DFF80B
:101AB000909001E0246974B12368002BFAD0D9F822
:101AC00000300BB19C42F5D120462A463946B0473A
:101AD0002469002CF0D1B8F1000F1FD1284602B0C4
:101AE000BDE8F0874FF00A0ADFF8549002E024695D
:101AF000002CF0D02368002BF9D0D9F800300BB1BE
:101B0000A342F4D12A4639462046B0470122204656
:101B10000DF107018DF807A0B047E8E7044800F091
:101B200037FB284602B0BDE8F08700BF40420F00F7
:101B300054030020E8060020A1190010A919001084
:101B4000EC060020F0B583B006468DF80700FFF7DD
:101B5000EFFA4FF0FF356FF00044174A821841F159
:101B60000003954274EB03013CBF23462A46134809
:101B700000F012FB124B07461C689CB1114D01E0AE
:101B800024697CB12368002BFAD02B680BB19C42EE
:101B9000F6D1204601220DF10701FFF705FF246968
:101BA000002CEFD117B9304603B0F0BD034800F068
:101BB000EFFA304603B0F0BD40420F00540300205E
:101BC000E8060020EC06002038B5044600F060FA74
:101BD000012305461A4620462946FFF73BFF084BDE
:101BE0001C682CB163682BB198472469002CF9D18B
:101BF000284638BD2469002CF4D1284638BD00BFE2
:101C0000E806002003BD00BF10B50446FFF7AAFD9B
:101C10002346BDE810401847F0B5054687B01920A7
:101C200017460E46FEF772FE002104461920FEF705
:101C300057FE0021CDE90465039700260027012205
:101C40004FF050438C46CDE900670292B9B11A6D4E
:101C50009507FCD5596540BF1A6DD00703D420BF46
:101C60001A6DD207FBD59A6D8A420DD04FF0000C49
:101C700006AA02EB8C0252F8181CE7E79A6D1A6D5F
:101C8000D607FBD440BFE2E70CF1010CBCF1060F14
:101C9000EED12146192007B0BDE8F040FEF720BE86
:101CA0000C4B0D4A93420ED39C4603F2F4710B4A3F
:101CB0009268CCF8F4070A48CCF8F837CCF8FC075F
:101CC0000848FFF7A9BF4FF0FF3340F2F3719C467D
:101CD000EDE700BF000808200000082000ED00E04C
:101CE000091C0010051C00102DE9F0478946054627
:101CF000FEF76EFD012399F8042099F905C005F15E
:101D00002F4EDFF8D8800EF5600E93404FEA1E5E2E
:101D1000BCF1000F58F82E7003F1FF3346DBC2F11F
:101D200020018C45644631DC03FA0CF139422DD197
:101D30006646D5F868A199F80710BAF1000F2CD0C3
:101D4000C9072CD4BCF1000F01DB664527D1B34095
:101D50001F423CD1D9F8001082B1B44601EB4209D0
:101D600031F8022B0CF1120AB2F5005F38BF92195C
:101D700049450CF1010C45F82A20F1D13B4348F8C4
:101D80002E30FEF737FD2046BDE8F0874FF0FF34D8
:101D9000FEF730FD2046BDE8F0874907D2D56FF049
:101DA0000A04FEF727FD2046BDE8F087D2F12004A3
:101DB0000DD403FA04F13942264603D1B9E739427A
:101DC0002646B6D0013C661C03FA04F1F7D16FF049
:101DD0000804FEF70FFD2046BDE8F087B00600209E
:101DE0002DE9F0474FF4003501EB410600EBC60446
:101DF00004F5435400EBC606D6F8DCA04FEA4108D0
:101E0000D6F8CC90E560BBB14EF2800793FAA3FC04
:101E1000BCFA8CFC22FA0CF503F1FF3E4FEA4C1C95
:101E200005F001054CF080643D4313EA0E03C6F84B
:101E3000DC40C6F8D850E9D1884400EBC800C0F8AF
:101E4000DCA0C0F8CC90BDE8F08700BFF0B501255C
:101E500004688D4024EA05040460B3B3D3E9015655
:101E60001F68DC6801EB410300EBC303C3F8C870D3
:101E70004FEA410CC3F8D060C3F8CC50C3F8DC4043
:101E80000CEB01034FF0013500EBC30C4FF00046A3
:101E900000EBC30E01230EF5865E0C1D01F1080751
:101EA0008D40CEF8106003FA04F4CEF8106002F012
:101EB0001F028560BB4000F5005004600EF1100E5B
:101EC00003600020CCF8D820F0BD4FF480374FF4E9
:101ED00040264FF4F83501EB410400EBC404C4F88C
:101EE000C8704FEA410CC4F8D060C4F8CC50C4F8B4
:101EF000DC30C5E770B5860747D0541E002A3ED0B7
:101F0000CAB2034601E0013C39D303F8012B9D0717
:101F1000F9D1032C2CD9CDB20F2C05EB052505EBFF
:101F2000054535D9A4F1100C03F1100E1A462CF01A
:101F30000F064FEA1C1CB644C2E90055C2E902551F
:101F400010327245F8D10CF1010214F00C0F04F0BC
:101F50000F0C03EB021213D0ACF1040323F00303C4
:101F60000433134442F8045B9342FBD10CF00304A6
:101F70002CB1C9B21C4403F8011BA342FBD170BDB4
:101F800064461346002CF4D1F9E703461446C0E733
:101F90001A46A446E0E700BF844641EA000313F076
:101FA000030349D1403A23D30B6803604B68436075
:101FB0008B688360CB68C3600B6903614B694361C5
:101FC0008B698361CB69C3610B6A03624B6A4362AD
:101FD0008B6A8362CB6AC3620B6B03634B6B436395
:101FE0008B6B8363CB6BC36340304031403ADBD2B1
:101FF00030320BD30B6803604B6843608B6883609F
:10200000CB68C36010301031103AF3D20C3205D3D4
:1020100051F8043B40F8043B043AF9D2043208D0AA
:10202000D2071CBF11F8013B00F8013B01D30B881C
:1020300003806046704700BF082A13D38B07B1D0D6
:1020400010F00303AED0C3F10403D21ADB071CBFA8
:1020500011F8013B00F8013BA4D331F8023B20F812
:10206000023B9FE7043AD9D3013A11F8013B00F84B
:10207000013BF9D20B7803704B7843708B788370F7
:1020800060467047002301461A46184600F042B8E1
:1020900020F0030110F00300C0F1000051F8043BF0
:1020A00000F1040C4FEACC0C6FF000021CBF22FAC6
:1020B0000CF213434FF0010C4CEA0C2C4CEA0C4C84
:1020C000A3EB0C0222EA030212EACC1204BF51F87D
:1020D000043B0430F4D0C2F1000102EA0102B2FA7A
:1020E00082F2C2F11F0200EBD200704738B5074DF3
:1020F000074C2C1BA41005D0013C55F8043D984713
:10210000002CF9D1BDE8384000F040B8E8210010BB
:10211000E821001070B4164D2C681CB365681F2DA3
:1021200023DC38B96B1C00200235636044F82510AD
:1021300070BC704704EB850C0228CCF888204FF067
:102140000102D4F8886102FA05F246EA0206C4F8F0
:102150008861CCF80831E5D1D4F88C311343C4F848
:102160008C31DFE7034C2C60D8E74FF0FF30DFE71E
:102170008C060020FC040020024B13B10248FFF73C
:1021800081BF704700000000ED200010F8B500BFCF
:102190005FF800F0E90200205FF800F07D02002007
:1021A0001118001085170010B91700105D180010E5
:1021B000F1170010E916001039180010D51600109C
:1021C000990900103D180010110D0010351700106E
:1021D00025180010D517001079080010A10800106C
:0821E000792100105D020010DE
:1021E80053797374656D20636C6F636B206F662021
:1021F8002575206B487A2063616E6E6F7420626566
:102208002065786163746C792061636869657665B7
:10221800640000003230355F6D63303531310000C5
:10222800000000003230365F6D6330353131000018
:102238003230375F6D633035313100003230385F0E
:102248006D633035313100000A2A2A2A2050414E68
:102258004943202A2A2A0A000A00000048617264B9
:102268007761726520616C61726D20256420616CF4
:10227800726561647920636C61696D656400000052
:1022880048617264206173736572740052656C658D
:1022980061736500626F6F74325F77323571303801
:1022A80030000000322E312E310000007069636F5B
:1022B800320000006D70695F726F6D0041756720B4
:1022C8002034203230323600D82200100EFF0100B0
:1022D800E3A09860A08030201860E1A0986042BF19
:1022E80042BF1840E2A09860B02000C0FC22001055
:1022F80003FF0100B2203220184000000302010051
:102308001314151617070605040B0D0A0400000020
:102318001C22001003000010488300102C2200101B
:10232800020000104863001038220010010000105D
:1023380048430010442200100000000F48230010FA
:10234800C0E0800098E080018AEB800142F7B8E0A5
:1023580074875A885A88B8E0B8E0B8E0B8E0B8E0BE
:10236800EC8F569E729E7C9E069FA89E089FA09EFC
:102378000A9F0C9F0E9F109F129FB8E0149F169FF4
:10238800B8E0B8E0B8E0B8E0B8E0B8E0B8E0B8E085
:10239800B8E0B8E0B8E0B8E0B8E0B8E0B8E0B8E075
:1023A800B8E0B8E0B8E0B8E0B8E0B8E0B8E0B8E065
:1023B800ACF84EFBB4FBB8E0A0E08001A8E08001D7
:1023C800FF1597E72C151701FF15A1E724157E01C6
:1023D800FF15AFE71C157A01FF1597E714156E0175
:1023E800FF15D9E70C157201FF15C7E704156E0133
:1023F800FF15DEE7FC146A0187009EE2B0E0800169
:10240800C417B0F5000A06113581DF351000CEFF7C
:102418000403C017000001034800DF152000CEFFA9
:10242800F709C615DF15257008FE1F1D22000CFED2
:102438001F0ACEFFC0154000017EDF150080CEFFC9
:10244800F7090400C0001A01C5150400C115FEFDF6
:10245800C215FF0E000AC00C030A4368430B837EB3
:10246800C50C432DF6FD0103800A850CC21500102A
:102478004E7F8700172D2200AAAA1003010AC2174F
:10248800BCF5491049200802490A4312430A43206F
:102498000302110A8A7E0201C05502000111C21509
:1024A8002800110A827EF417BAF50C00F415800092
:1024B8001000F415AAAA2200770042143301E61589
:1024C8008001E615E4E13F0A281402003F0A2414BB
:1024D8003F101C14C017B0F5D00B50109010D0103E
:1024E8001011501190110110120011100310140056
:1024F8001110C117B0F54410076D1C001301C21567
:102508000400C3E50200451C28000903401C3000F4
:10251800C56502001900C5200202F4100E00C1654D
:1025280002008F7EC417B0F506110381DF15020083
:102538006825F41538001600346116001F8DB8F5AB
:10254800370902043EE7C40B0780001D1E00F4157E
:1025580002001E0007602C01F709B20406113709B2
:10256800E40348E7F7095A03C045A00002027700D0
:10257800540117A00300270317200C00410317205C
:102588000D00EC0317201B003E03172052004003E8
:1025980017204100410317204D000A03172054005B
:1025A800050317204400DA027700EC007700C00228
:1025B8003709920345E7F70912130110F7090C13BD
:1025C800F909E8E4F501C40BC9811F0A6825178DCC
:1025D8008001C617640E000A1C001A000A002610A3
:1025E80066102611C417B0F5B40A2400370956033B
:1025F80041E7F40B2400FD0284158115801587003E
:10260800F709D612AB01F7092403F8096EE3AA010A
:10261800F41552081A000301F41541041A00F709C9
:102628001604009D1A00F709B012F7099E1203104C
:10263800C3E530000681D7A00700068317205300A2
:102648001B03F7095C038A0100CD1B00F7098A12F6
:10265800F70988033709EE0270E7F70966021720C1
:102668001B001302F709C602C0E502001381F7092F
:102678008203F80992E4EE0117AD1A005200D50260
:10268800F7095612C3150800E301172020000202BB
:10269800770032007700DAFEC0150C00F7093A120D
:1026A800F709281217200300F9027700AEFE7AE531
:1026B8008AE3F2E3F8E3FAE316E45AE420E45AE49E
:1026C80026E474E484E4030A0201C3150200178DAA
:1026D8008001001D10001C00C20B020374100E00C4
:1026E800001D0E001A00F4101C0014030111C2157D
:1026F8000400451C28000903110031103000312D59
:102708000E0028000203000A1900C16502008F7E2E
:10271800F709CAFE061102811F0A6825801581156E
:1027280082158315841585158615C76FC8110E0087
:102738000A00C315FEFF0101D30BC20B07034010AB
:10274800051D1200C5650200F7091803F4601200A0
:10275800F70900028700C20BFB0374101200F8018E
:10276800C31502000101030AC20B03037C10160003
:1027780003013C1D12001600F46502001600F44522
:1027880010001600001D1400C30B030234101200C1
:10279800DF01C06034601200DB01F4E502001600BE
:1027A800F45540001600F44510001600341F1600BA
:1027B8001200CE01C40B0581F415040020002A88FC
:1027C800708F8700C40B0481340A20002A88698F1F
:1027D80087008AE3A8E4B2E4C4E4D0E4E2E4DCE4F9
:1027E800E2E4D6E474E484E4C20B01034D10C30AA6
:1027F8000401C20B01034D10830AC345F8FF03CD42
:102808001B000301C20B01034D10F709AE0187003D
:10281800CE1524E2A001CE1524E2A501CE1524E2AE
:102828009F01CE1524E2B9017AE500E510E520E51F
:102838003AE544E51CE2F8E4F709A2FD7700600AEE
:10284800031077094C00FCE7240044E80500000069
:10285800031077093C00FCE724004EE8050000005F
:102868003709E2007BE77709280070E88800000054
:1028780077091E0080E9F00000007709140060EB7A
:102888001500000077090A00FCE7240058E80C004E
:102898000000C01500024115040342155014827E41
:1028A800FA01F70938FDC01580001C00C0150002A8
:1028B8001A00C6150002C0100A008700C417B0F538
:1028C8000101030A0111C1654800020AF709FC0F5A
:1028D8001720300018871720370008829720080033
:1028E800F5031190820AF709F00FF00117A07F0095
:1028F8000A02C20BEB03218AC20A66103709460096
:1029080069E78115E30181E0020A050A2610409271
:10291800118AC0E530000881C50CC50CC50C0560DE
:10292800820A97200800F302801541118700F709F1
:102938009A0FC0E57E000581172009000282C00CAD
:102948008700000A870001150201F7098C0F4094DF
:10295800FC028400F709E000011D1200F7091C00C1
:102968003709E2FF4EE7051D1200F709DC000110E8
:10297800F70908003709CEFF70E7870074101400C4
:10298800000AC21506000501000A410C400C410C62
:10299800400C410C400CC0653000F7093C0F8C7EA0
:1029A8008700F7099200030AF7091400830AF4A0C4
:1029B8001B00FA87D7200800F7038700F70978007B
:1029C800009D1A00F709120FC010C06530001720CB
:1029D80038000202C0155300F709FE0E370966FFDA
:1029E80056E7F7090E004113F70990FF370956FF1C
:1029F80071E78700050A17AD1B000400040203CD28
:102A08001B00C5151400C560C50C05618700C21FF1
:102A1800E00E110337092EFF58E7811037092EFF02
:102A2800370922FF60E7F40B12000502341D0E007F
:102A38001200F7091EFF8700C0150D00F7099A0E4E
:102A4800C0150A00F709920E8700076D20001100D3
:102A58008700A100050C5F1108FEC0170CFE850A4F
:102A6800C50C8700076D200019008700A100050C20
:102A7800C50A5F1108FE1F100CFEC50C87001BBDA0
:102A8800001BBFBD001BBC000D0A0F4020002F20FB
:102A98000052005253003D000D0A0E2A2A2A200037
:102AA800202A2A2A0F000D0A001B44201B4400007C
:102AB80020200006E3F00006F0F0000D0A0A0E2AB6
:102AC800207A616772757A6B6120697A2073657400
:102AD80069202A20200F007A61776973616E696521
:102AE8000072657A6572776E796A206B6F6400612F
:102AF80077617269712073657465776F676F20708D
:102B08006974616E69710064776F6A6E6F65207AA7
:102B180061776973616E69650073746F70007A61BB
:102B2800776973616E696520707269207072696572
:102B38006D6520612E772E702E000000C115BCFD3A
:102B480037904300098AC2154802C3150200C98B91
:102B5800FE80B1900200C200C67EC3150200C98B78
:102B6800FE80F195FF000200C67EC98BFE80F78BC0
:102B780012000303378A0C00E801DF25A0000000DB
:102B8800E402070A00080200000100000001000832
:102B98001100000000000001000909000000000009
:102BA800000000000000000000000000000000011C
:102BB800178DE000C59771FD4011C545F0FF800CE9
:102BC800C045CFFF05507791E400C09DEC004079E7
:102BD8003790E600C0151800D015D002100AD0159D
:102BE800DA02100AC6150010DF15E60240001F0AB7
:102BF8004200178D0000370AA2000089D72D9C00DB
:102C08000500FB870088C0A5FE00FC02C115FC0278
:102C18004094C0A5FE0002030088FA010088C0A500
:102C2800FF00FC02008840A1F902C415FF000478E7
:102C3800C11500500088031004780088C0A5FB0067
:102C4800038304781190F90106020088400A047889
:102C58001190400AF201C0A5FC00C402008804A03B
:102C6800C1020088C0D508000088C0A5FF00BA02CC
:102C78000088DF15040070FD178DE0005F0000502C
:102C8800DF8B74FDFD801F9076FDDF8B70FDFD806E
:102C9800C09772FD02001F0A70FD970A0000D72D29
:102CA800FAFF000201820200770038FFFF0000846B
:102CB800000000000000000000FC7B30FFFE000068
:102CC800178DE000DF15D802F000DF15D0024000B4
:102CD800DF152C030400DF1534030800C015E000DD
:102CE8001F10F2001F1042001F1006001F100A00DC
:102CF800170A0000F7090C01178D0000DF8B70FF21
:102D0800FD80C09772FFC04580FFC0A50300030285
:102D1800F7091000F301F70BD8FFF0030190F7094A
:102D28006200EC01DF8B74FFFD80DF953F0076FFCA
:102D3800DF8B70FFFD80C09772FFC045A0FF17A012
:102D48004100110317A05000120317A04E001703EB
:102D580017A04B000F03F70B98FF1303C19503004F
:102D6800F70920000E01F715010086FF0A01370A4E
:102D780080FF0701C515C403F709C6000000F7095D
:102D880082008700DF8B74FDFD805F9076FD8700F1
:102D9800DF15400070FD02006610DF35019070FD00
:102DA8000E02C19772FDDF8B74FFFD805F9076FF86
:102DB800F70B3EFF0202F709CAFF81150200C1178F
:102DC80070FD0280C1550400C13500100203C155D1
:102DD8000200C145F8FFC155300077907900C5154C
:102DE8009003F7095C00DF8B72FDE701F7153034BB
:102DF8008C000301F71531308400C515B103F709BC
:102E080040000000C09771FD0190C0C5F000C1C529
:102E18009F00818C40D00110C145F8FFC15530009A
:102E2800779048000110810C810C810CC145F8FF96
:102E3800C155300077903300C5159C03F70902008F
:102E48008700DF8B74FFFD805F9576FFFA028700AD
:102E58000E73626F6A2023300F0D0A000E746573BB
:102E680074207374616E636969202330300F0D0A12
:102E7800000E707265727977616E69652023303053
:102E88000F0D0A000E6B6F6E6563207465737461B5
:102E98000F0D0A0000000000000000000000000004
:102EA800DF8B7CFDFD80DF1540007EFD010AC21529
:102EB8000002DF8B78FDFD80D1977AFD867ED727CB
:102EC8000000A00001030000070ABF10B403C21DE0
:102ED800B003C26502001210120032100C00140078
:102EE800008D32100E005210D21F9603D21012110C
:102EF800521192118514C5E50200C2650200110045
:102F08000110C045F8FFC00CC06D7603C065020013
:102F180012100512C535010014023F0A64030A0A9B
:102F28001100021011000310110004101100051007
:102F3800C145E7FF810C810CC161C1655000416248
:102F48004900C51504001100178D80001A001100F2
:102F58001C00C01D2C03C0650400011402140314D6
:102F68000414051406148511001C02001900C01D64
:102F78001003001C10001900C01D06034611051C93
:102F88000C00001C02007700F6024A01440104000C
:102F9800BE00C235807F5703C435807F5403C11DEE
:102FA800E00280100280B10A1600C40B0280B10A48
:102FB80016000111C0457F80C1457F80C24580FF52
:102FC800C44580FFC2558000C45580004060C0E5FC
:102FD8008040C11DAC020910B1101800F1101A0090
:102FE8008010C20C050C048685700360420B010139
:102FF8008570C01D8C02001C1A00C40C000C0586CC
:103008000470840C0361420B02010470840C436059
:10301800420B0260C01D6A02001C18000470426066
:10302800C01D5E02001C1A00A100000C0570177676
:1030380002000360420B010A020C030C97763A0067
:10304800010C77005A01020A030A7700B801C23559
:10305800807F0302050A7700BE01C435807FF30331
:10306800C11D1E0280100280B10A1600C40B028026
:10307800B10A16000111C0457F80C1457F80C24555
:1030880080FFC44580FFC2558000C455800001E020
:10309800C165803F7F10EA01C1152000000A172191
:1030A80080000905C5E0840B84E00281B1000401B9
:1030B800C560440B8460A100410C400CC50C440C55
:1030C800C00BED80C0450080021043107700D0008F
:1030D800C2650080C235807F0B02C435807F040240
:1030E800020A030A77001E01021143117700160134
:1030F800C435807FFB038010C24580FFC255800025
:10310800C00B0380030B420B020B0111C44580FF67
:10311800C4558000C10B0380050B440B040BC0454C
:103128007F80C1457F807F10580140E00202010A7C
:10313800250114813F604A01010A1720000C03078A
:10314800040A050A1B01C00CC000000B808A020398
:103158000077010C17773F00010C1001010A1720B6
:1031680000F40304020A030A0901C00CC000808AA3
:1031780002038076010C97763F00010C4361420BF5
:1031880002610A80010B430B420B030B420B020B3B
:10319800C01DEE00B00A1600C4104450845033031A
:1031A800972000010787020C030C010CFF658000C3
:1031B800D000F601972080000786C10C430C420C12
:1031C800FFE58000BC00F601410C430B420B972041
:1031D80000010787020C030C010CFF658000A200A8
:1031E800F601050AC41F9A0019030380440C1880CD
:1031F8001501C01D8C00300C16000286C2550080D7
:10320800C24580000251050AC20B0202C5550400DE
:103218000B80C55508000801C5550100C5550800B3
:10322800C5550200C5550080C01D5600F0456F0009
:10323800120070D11200C50B0480C515A4007700D8
:1032480004FDF86504001400051E1400C56504009B
:10325800041C1000001C1200178D80001C000011B7
:103268001A00C010190080101900C01D1400102485
:10327800011402140314041405140612001CF4FFAC
:103288000A0044EF000000000000000000000000F9
:103298000000000000000000000000000000000026
:1032A8001F0AAEFF1F0AACFFC115C0FFC2150800F8
:1032B800110A827E37098EF64EF0A2009F0AAEFFF1
:1032C8000384DF15FFFFAEFF37097AF675F0C317E1
:1032D800AEFFF709840037096CF6B0FFC0151B0074
:1032E800F709F605C015BE00F709EE05F709EA016A
:1032F800C00B0803C0150E00F025FFFFC0FF020336
:10330800B00AC0FF040AC51500E0F709C600C00BE3
:103318000803C0150C00F025FFFFC0FF0203B00A28
:10332800C0FFF709A6051F0AACFFC115C0FFC215EB
:103338000800A2005F64ACFF0484DF15FFFFACFF48
:103348000101887E3709FEF584F0C317ACFFF70941
:1033580008003709F0F5B0FFB001C015B0FFC2157D
:103368000600D0952000837E088A260AC115100021
:10337800C30C4E0C97230A000381CEE50A00830A8A
:10338800497ECE653000A095C30BEF0287001B482D
:103398001B4A1B59253A1BA40E7420652073207400
:1033A80020692072206F20772061206E20692065B7
:1033B8001BBFA40F001B5928350E70726F686F640D
:1033C8003A200F000E202020206F7B69626F6B3A35
:1033D800200F00000111030A4010C30B0103400A2B
:1033E80011104520F98721200303C015010087002B
:1033F8004010C0E50200C30B0103400A4420F382D9
:10340800430AEA02F615FF00F6FF0311360AFAFF2F
:10341800F610F8FFC210C255FE1FD20B42210186DA
:103428004211F610F4FF811DF8FF801DF6FF4320BE
:103438000302C3658000C000F6B50100FAFF01026F
:10344800091009200303C01503008700C1650200A5
:103458004220EB87B68AFAFF831DF4FFF6B5010018
:10346800FAFFDF02D30BC2200386F68BFAFFD9805E
:10347800831DF8FFF600F6FFD40383108520C68766
:10348800F615FF00F6FF0111801DF6FF111045200B
:10349800FD87011109200303C01502008700C165DB
:1034A80002004520F787F7092200801DF6FF011169
:1034B80009200303C01503008700C16502004520E9
:1034C800F787F600F6FFDF03000A8700C215E80356
:1034D800C315E803C17E847E8700AF000787068591
:1034E8000503048103050207018302827700D403E0
:1034F800B200B80003840205010702047700C40380
:10350800B400B10003020206018202077700B40387
:103518008311E30B0B0AC010E30B0B10C410AF00B0
:10352800DB0B020377009C03B1002B0C028701849C
:10353800028177008E03AF009C0C01840281770022
:103548008203A800DB0C02860185028177007403E0
:10355800BF00EC0A0386028401030280770064033B
:103568002B0B02860185028177005803B2005C0AA2
:103578000186028477004C039B0A0186028077004B
:1035880042036C0B02870184028177003603AF0087
:103598005C0C02860184020377002803AB0AAC0B9B
:1035A8000187020377001C038211E20B8010080ACE
:1035B800E20BE20B1210800A1210801081106A8A46
:1035C800018602817700FC02EA8B02037700F4028D
:1035D800B200A98C0286018502817700E6029A8AE8
:1035E800018602807700DC02A100298C0386028410
:1035F800010202807700CC02DA8C02860185028102
:103608007700C0026A8B018702817700B602BF008B
:10361800598C0283018502807700A802EA000281A2
:103628007700A002B100998B01870203770094020A
:103638001A8BEA8A01860203770088028011E00B60
:1036480001106128091042100410E00B0310221029
:103658000B0A0C0ABF00A40099E602870185020341
:1036680077006002EA550080E965010099E6028664
:103678000184028177004C020C0BA93A02037700FF
:1036880042029926028577003A026A0AAF00A966C3
:103698000184028177002C02B100994A01860281D7
:1036A80077002002690A9926020377001602801122
:1036B800E00B0310C110E30B23108B0A2310C41076
:1036C800E00B24108C0A2410B100DC1501FEDC95F7
:1036D80080001B9B1B9B02877700E801C92580019E
:1036E80002037700DE01E3281BD71BD7C925818198
:1036F80002037700CE012BCB2BCB1BB702021BBBDF
:1037080002027700BE012BA702022BA70203770053
:10371800B201C011C0650A00BF0048000201A8003C
:10372800FD01038602840102028077009601020AE5
:10373800C41100110201420A03011425D40B6400CC
:10374800820A030210240420020377007601C211C2
:10375800C2651400BF00A2004A08C20B0C03770020
:10376800620181000586048503020280020AF901CC
:10377800D60B77004E018411E40B030AC21505002D
:10378800CC150200BF008C7002810183028477008F
:103798003201C3250A00020377002801C20B020385
:1037A80077002001030AC215AAAACC1502008C7062
:1037B800038602800185020277000801C225FFFF07
:1037C80002037700FE00C325545502037700F40076
:1037D800CC150100C215AAAAAF00B400B8008C74B9
:1037E80003810203018402877700D800C22554555B
:1037F80002037700CE00CC15FFFFC11555554C7458
:103808005720AA2A02037700BA00020ACC15100032
:10381800C315AAAAAF00B400B1008C7603800203D6
:103828000184028677009C00C225AAAA02037700B9
:103838009200C30B020377008A00030ACC15F0FF3D
:10384800C215AAAAA800B400B200B1008C76028002
:103858000183028477006C00C225FFFF0203770012
:103868006200C325AAAA020377005800CC15555553
:10387800020AC3155555BF008C7202810183028468
:103888007700400097200100020377003600C30B41
:10389800020377002E00C215FFDFC3150180CC1587
:1038A8000080BF008C7202810183028477001400BB
:1038B80097200040020377000A00D7200180020207
:1038C800000A8700C015010087000C0112888700D4
:1038D80000000000000000000000228887000000AF
:1038E80000000000000000000000000000000000D0
:1038F800280140013A014401000000800040C6153B
:103908000004C08CC08C2610F70976018215C017F8
:1039180030FE17200200058202500503F709140043
:103928000201F70978A8DF150200220E178D0000A2
:103938007700760277098CA830F6C3151EF60201C7
:10394800770982A8C114828CFB87FC02C31526F66E
:10395800C114C200F50277096AA8A6F687004BF6DB
:1039680059F66BF679F68BF69AF69DF6A0F6A3F65D
:103978000D0A20201BA4F3F4E1F2F4EFF7F9EA2092
:10398800F4E5F3F41BBFA40D0A0A002D20CFDBC910
:10399800C2CBC120E3F00D0A002D20CFDBC9C2CB7A
:1039A800C120EFFAF520E3F00D0A002D20CFDBC986
:1039B800C2CBC120F0F00D0A002D20CFDBC9C2CB4D
:1039C800C120EFFAF520F0F00D0A002D20CFDBC959
:1039D800C2CBC120F0FAF5202000312000322000AF
:1039E8003320003420001BB80000DF15007008FEEB
:1039F800C11500E0C015C50A5F140CFE9F0A08FE39
:103A0800057EC115EEF6C01524005F140CFE9F0A52
:103A180008FE057EDF17CEFF0CFEC11536F75F14D2
:103A280008FEDF1580010CFEC90BF90287000CE0C7
:103A3800C51570FF1100C08BFB8011008700261090
:103A4800C51574FF1100C08BFB808015C51578FF64
:103A58001900870028E040E03AE044E080000002D6
:103A68000070F709D8FFDF0BFAE7FD0302805F005B
:103A780020E55F00E4E1017003703D703F705F7006
:103A88000000F709A698DF1587000000C01580011F
:103A9800DF1580E004001F100600DF1588E008002D
:103AA8001F100A00DF1590E014001F101600F70918
:103AB8000290F709E8B4F709B4C3F70986C4F7090F
:103AC8007E88F7095E009F11200EDF159AF7040023
:103AD800F70936BAC01501000401C617200EC01533
:103AE800FFFFDF15FD7308FE1F100CFE1F10240ECC
:103AF800DF4500032CFEDF55400036FE1F0ACAFFD3
:103B0800DF150100C8FFC015B027100A100AC81534
:103B180044580064880A8700000A411542151110AC
:103B2800827E8500DF15B8F818001F0A1A00DF1515
:103B3800DCF81C00DF1580001E00DF158AF9400044
:103B4800DF1580004200DF15ECFBD800DF550200CE
:103B580036FEDF15F2FBE000DF158000E200DF55DE
:103B6800040036FE1F0A8226DF15200008FEDF1536
:103B780044000CFE9F0A08FEDF1580000CFE9F0A19
:103B880008FEDF1502000CFEDF15FF0F2A0EF709ED
:103B9800C004DF1558FCCC00DF158000CE009F0A5A
:103BA800420EDF1592F8560E8700C6150004DF1581
:103BB8000200220EC015300ED00BFE031F102E0E71
:103BC800011C12000302F80968EAF401300A120025
:103BD8004900DF1592F8560EED01C68818AA6492BE
:103BE8002EFC2080E2813EFC4EFC30FDC0172E0EDC
:103BF800B0151200168DDE0166112611E610A6100A
:103C080066102610851D0C004519FD090058801501
:103C180081158215831584158515020080130018F7
:103C2800780070572610C7675E0E29016610C11705
:103C38007826010BC10CC10CC0173E05C0652004D5
:103C48001720B80907870482DF154005B609040163
:103C5800C0E578043010FEFF40E0172040050282DE
:103C6800C0657804E015E20DC0173E0540E0172056
:103C780040050286C06578041F103E055501C0172F
:103C88003E05C0E50400172040050286C06578049B
:103C98001F103E05C06524041720B80907870402D1
:103CA800DF154005B6090401C0E578043010FEFFB1
:103CB800C0E50400172040050202C0657804E0153D
:103CC800E20D80159F0A78265101DF0B78265503EF
:103CD800A9812610C7675E0E2C016610C1177826C9
:103CE800C10CC10CC0173E05C06520041720B809D7
:103CF80007870482DF154005B6090401C0E578048A
:103D08003010FEFF40601720B8090283C0E5780430
:103D1800E015E20DC0173E0540601720B80902877C
:103D2800C0E578041F103E05811580151F0A782606
:103D38001E01C0173E05F045010002001F1C0200CD
:103D48003E05C06520041720B80908870502C0157C
:103D580040051F10B6090401C0E578043010FEFFC5
:103D6800F015E20D02008015DF0A78264C02DF17F5
:103D7800E82574269F0A360E4601C7675C0E1401B3
:103D88004201DF8A76263F060303DF15309072264C
:103D9800DF1772267626DF0072263281DF0C762640
:103DA800FF957F000A2C2F01261066106611C51793
:103DB8006826401340EF1A00411D36000101C00C6F
:103DC800010CFD861F106E26411D3000F1450100D3
:103DD8000600F14501002A00751D1A003000411D3A
:103DE8003000F15501000600F15501002A00DF15E9
:103DF80004005C0E8515811580151F0A7626D001F2
:103E0800FF976E26AA2BDF0B580E0503DF0A580E04
:103E18000202FF098413DF0A260E0302DF45801F12
:103E2800CEFFDF8B970E0B03DF8A970E08029F0ADF
:103E3800300EDF558000CEFFDF150100260E020090
:103E48005F15580E5F155A0E8500FF97C2FF701355
:103E58000681DF558000CEFFDF150200260ED7AFA2
:103E68005E13040008039F0A800EDF450800800ED9
:103E78009F0A300E020026106610A610F709EC8C77
:103E8800821581158015DF551000CEFF02001F0A2C
:103E9800980EC767220E0401DF3508003EFE230393
:103EA8006611C517860E5F21880E1E03F58B01006B
:103EB8000F03260A4E9F000006025625C54520001E
:103EC8005F11860EF0018D0AC5157F00417F05013F
:103ED8006615C54520005F11860EC767220E0801CA
:103EE8009F1538FE85150200DF150200980EFA01AD
:103EF8008015F8011F0A6625DF35080036FE110314
:103F0800C767220E1201D727340E7F000B03FF97D5
:103F180030FE90299F0A6425DF45800064259F0AAA
:103F2800340E0200DF150200662502009F0A3C0ECF
:103F380002002610C0178226168117200200078665
:103F4800F09734FE80269F0A82268015020006021A
:103F5800DF8B34FEF8025F0A8226F7019F0A320ED1
:103F68001F0A8226F201DF8B34FEEF03F9011F0AD4
:103F7800360EC767742687001F0A5C0E87001F0A63
:103F88003C0EE61732FEF70988BFD60B8700FF09FB
:103F98000E121F0A3E0E8700020001100281010C5A
:103FA800400BA610020A260AC115B027D10B070339
:103FB800D10B4164FB80C20BF702000A1E01D10B32
:103FC80009200983422005034E22F38342104E1232
:103FD800F00180130201B10AFCFF4214C2E5060099
:103FE80002200B8642100260120A4A10D2E506002F
:103FF8004A180AE0CAE506001110D60B8215870098
:10400800C10B02807700FEFAC015B027C065060014
:10401800158101200603006CFEFFF8014112C165FD
:104028000600310AFAFFE10B40100064C80B0402D5
:10403800096C0400C9650600E90BF0038700DF0B73
:10404800280E05031F0AC8FF1F0A280E8700B100A3
:104058008700DF150400280EDF158AF9C400DF1574
:104068008000C6001F0ACAFFDF150100C8FF8700CD
:10407800F70906001F0A400E8700178D8000DF151C
:10408800AEFDC000F709C0E3010A800C02870302F5
:104098000401F7094000810AF801F7093CF4178D7B
:1040A8000000C00B0403C1150500F7092800C0155E
:1040B800FFFFF709E4FE441045100560F70914F303
:1040C800C00B0403C1150400F7090A00C0157F00DE
:1040D800F709DC8A8700DF15E07F08FE5F6008FECD
:1040E800DF25FFFF0CFE02039F0A0CFE8700DF2579
:1040F8000400C2FF02027F0046E202000000000046
:1041080000000000000000000000000000000000A7
:104118000000000000000000000000000000000097
:104128000000000000000000000000000000000087
:1041380000000000000000007066CCB655E48787D8
:104148000000000000000000000000000000000067
:104158000000000000000000000000000000000057
:104168000000000000000000000000000000000047
:104178000000000000000000000000000000000037
:104188000000000000000000000000000000000027
:104198000000000000000000000000000000000017
:1041A8000000000000000000000000000000000007
:1041B80000000000000000000000000000000000F7
:1041C80000000000000000000000000000000000E7
:1041D80000000000000000000000000000000000D7
:1041E80000000000000000000000000000000000C7
:1041F80000000000000000000000000000000000B7
:1042080000000000000000000000000000000000A6
:104218000000000000000000000000000000000096
:104228000000000000000000000000000000000086
:104238000000000000000000000000000000000076
:104248000000000000000000000000000000000066
:104258000000000000000000000000000000000056
:104268000000000000000000000000000000000046
:104278000000000000000000000000000000000036
:104288000000000000000000000000000000000026
:104298000000000000000000000000000000000016
:1042A8000000000000000000000000000000000006
:1042B80000000000000000000000000000000000F6
:1042C80000000000000000000000000000000000E6
:1042D80000000000000000000000000000000000D6
:1042E80000000000000000000000000000000000C6
:1042F80000000000000000000000000000000000B6
:1043080000000000000000000000000000000000A5
:104318000000000000000000000000000000000095
:104328000000000000000000000000000000000085
:104338000000000000000000000000000000000075
:1043480037101A67C01D1267C11D0667C10CC10C62
:1043580040E037100667C01F0267C11DF266577438
:10436800FDFF7710F066C06DEC663710EA66F71D42
:10437800DE66D866F71DDA66D466F71DE466CE3DBC
:10438800F71DD466C23DF70BCA3D0002F71DC8668B
:10439800B63DF71DC866BC3DC09501007700C6FB59
:1043A800CE1DAA66E61DA466F709C008D60BCE1571
:1043B8000D00F709140BC0950100F001C09501002C
:1043C800ED01F709EE0A3590F9FF409DF9FFC04568
:1043D80000FFC11590BC77000E09F709D60A359081
:1043E800F9FF57ADF9FF30000903409DF9FFC045BB
:1043F80000FF0E10F709C4D6000AD001C0950100CD
:10440800CD01C0950100CA01C0950100C701C09542
:104418000100C401C30177093EFBC665EEFFF7350D
:1044280002005D3D4E03F7454000D43ECE150D0019
:10443800F709DEFACE150A00F709D6FA350AF8FFA9
:10444800572DF8FF4F003106F5150100F0FF572DE5
:10445800F0FF02003806CE151B00F709B4FACE1596
:104468002A00F709ACFACE150100F709A4FACE150F
:104478001800F7099CFACE150300F70994FA350AD3
:10448800F6FF572DF6FF07012406C01DCC65411D18
:10449800F6FFC10CC10C40E00012406DF8FF371068
:1044A800A63CF70BAE3C4E034D01CE151B00F70999
:1044B80060FACE154000F70958FACE150C00F70936
:1044C80050FA7700A0FAB50AF8FFBA01B50AF0FF6A
:1044D800BE01CE151B00F70938FACE153300F709CF
:1044E80030FA411DF0FF577016004E10CE65EBFFF5
:1044F800F7091EFACE150A00F70916FACE150D00AF
:10450800F7090EFAF7358000F63DE003D72DF23DA6
:104518000400DC02CE151B00F709F6F9CE154000A1
:10452800F709EEF9CE150D00F709E6F9CE150A00E0
:10453800F709DEF9178DE000F7554000C23D178DE9
:104548000000BF01F51D083CE8FFF5150100F4FF68
:10455800572DF4FF08004706401DE8FFC045F0FF4F
:104568003510F2FF401DEEFFC00CC11560D7C41511
:104578000100421DF2FFC20C84E044EDF0FF4474D8
:10458800C145FEFF40503510EEFF401DECFFC00C4A
:10459800C11594FFC4150100421DF2FFC20C84E04E
:1045A80044EDF0FF4474C145FEFF40503510ECFF68
:1045B800401DEAFFC00CC11540F4C4150100421D9E
:1045C800F2FFC20C84E044EDF0FF4474C145FEFFE5
:1045D80040503510EAFF572DF4FF04001402F51D72
:1045E800703BE8FF16014E1DEEFFF70924F94E1D3A
:1045F800ECFFF7091CF94E1DEAFFF70914F9B50A93
:10460800F6FF77007CFE401DE8FF1774FCFF3510AD
:10461800E8FFB50AF4FF9C0166118511C665F0FF35
:10462800C01D2C64C0ED24643510F6FFC01D226443
:10463800C0ED1A643510F4FFF50BF4FF0302F50B17
:10464800F6FF3603F71D08640264F71D0464FE6371
:10465800350AF2FFF50BF4FF2D05F50BF6FF5505AE
:10466800752DF6FFF4FF020677001A01751DF6FF97
:10467800F0FF751DF0FFF8FF401DF8FFF50AF8FF81
:10468800C00B160375EDF4FFF2FFC01DD063C00C1C
:10469800C04500FF3710C663020377005201F715C3
:1046A8000100BA63B70AB063B70AAA63770040018A
:1046B8007700BAF8F50BF6FF020577005402752D5E
:1046C800F6FFF4FF02057700D402401DF6FF000B49
:1046D8003510F0FF751DF0FFF8FF401DF8FFF50AD3
:1046E800F8FFC00BE503756DF4FFF2FFA100370C6E
:1046F8006C63020377001003F71580006063F70A04
:104708005663F70A50637700FE02401DF6FF000B60
:104718003520F4FF020577004801751DF4FFF0FF0E
:10472800751DF0FFF8FF401DF8FFF50AF8FFC00BF4
:10473800BF03756DF6FFF2FFF7E504001E63C01FA7
:104748001A63C06D106337100E63F50BF2FF040493
:10475800401DF2FF000B0201401DF2FFC00C352086
:10476800F0FF020477003801A100370CF062020361
:1047780077003A01F7158000E462F70ADA62F70A6F
:10478800D46277002801751DF4FFF0FF751DF0FF56
:10479800F8FF401DF8FFF50AF8FFC00B8903756D97
:1047A800F6FFF2FFF7E50400B262C01FAE62C06D0B
:1047B800A4623710A262F50BF2FF0404401DF2FF59
:1047C800000B0201401DF2FFC00C3520F0FF370539
:1047D800C01D8A62C00CC04500FF371080623602D7
:1047E800F71501007862B70A6E62B70A68622E018F
:1047F800F50BF2FF0404401DF2FF000B0201401DFF
:10480800F2FFC00C3520F0FF0C05F7E504004C6200
:10481800C01F4862C06D3E6237103C62756DF6FF7E
:10482800F2FFF71D32622039F70B28390002F71D15
:1048380026621439F71D26621A3977003AFEF71DE9
:1048480016620439F70B0C390503040175EDF4FF02
:10485800F2FFF501F71D0062EE38F71D0062F4382B
:104868009801401DF6FF000B3510F0FF751DF0FF95
:10487800F8FF401DF8FFF50AF8FFC00B02027700A9
:104888002EFE756DF4FFF2FFA100370CD0611B02FC
:10489800F7158000C861F70ABE61F70AB86113010D
:1048A800F71DB461A238F70BAA3805030401756D2A
:1048B800F4FFF2FFF501F71D9E618C38F71D9E612C
:1048C8009238770060FEF50BF2FF0404401DF2FFFA
:1048D800000B0201401DF2FFC00C3520F0FF0C0553
:1048E800F7E504007661C01F7261C06D686137101A
:1048F8006661756DF6FFF2FFF71D5C614A38F70BCC
:1049080052380002F71D50613E38F71D5061443897
:10491800B001401DF4FF000B402DF6FF02077700A1
:104928005801401DF4FF000B3510F0FF751DF0FF16
:10493800F8FF401DF8FFF50AF8FFC00B02027700E8
:104948006EFD75EDF6FFF2FFF76504000E61C01FFE
:104958000A61C06D00613710FE60F50BF2FF0404B8
:10496800401DF2FF000B0201401DF2FFC00C352074
:10497800F0FF020477004401C01DE260C00CC0458E
:1049880000FF3710D860020377003E01F7150100D9
:10499800CC60B70AC260B70ABC6077002C01401D22
:1049A800F4FF000B3510F0FF751DF0FFF8FF401DF8
:1049B800F8FFF50AF8FFC00B02027700F2FC75ED6C
:1049C800F6FFF2FFF76504009260C01F8E60C06DAD
:1049D800846037108260F50BF2FF0404401DF2FF7B
:1049E800000B0201401DF2FFC00C3520F0FF33051B
:1049F800A100370C68603602F71580006060F70A7E
:104A08005660F70A50602E01F50BF2FF0404401DB2
:104A1800F2FF000B0201401DF2FFC00C3520F0FF31
:104A28000C05F76504003460C01F3060C06D266057
:104A38003710246075EDF6FFF2FFF71D1A6008378E
:104A4800F70B10370002F71D0E60FC36F71D0E60DD
:104A58000237770084FCF71DFE5FEC36F70BF4365F
:104A680005030401756DF4FFF2FFF501F71DE85F1A
:104A7800D636F71DE85FDC369A01751DF6FFF0FFA4
:104A8800751DF0FFF8FF401DF8FFF50AF8FFC00B91
:104A9800020277001AFC75EDF4FFF2FFC01DBE5F3D
:104AA800C00CC04500FF3710B45F1B02F7150100AA
:104AB800AC5FB70AA25FB70A9C5F1301F71D985F46
:104AC8008636F70B8E360503040175EDF4FFF2FF09
:104AD800F501F71D825F7036F71D825F7636770025
:104AE80050FEF50BF2FF0404401DF2FF000B02011B
:104AF800401DF2FFC00C3520F0FF0C05F7650400DF
:104B08005A5FC01F565FC06D4C5F37104A5F75ED26
:104B1800F6FFF2FFF71D405F2E36F70B3636000220
:104B2800F71D345F2236F71D345F2836AC01661155
:104B38008511C665F8FFF7097A0317740600371060
:104B4800125FF7096E03C045C0FFC05D065F1774AA
:104B580004003710FE5EF7095A033510F8FF401DB0
:104B6800F8FFC045F0FFC05DEA5E3710E65EF53538
:104B78001000F8FF0502C01DDA5E000B3710D45E86
:104B88007700EAF366118511C665F8FFF709240373
:104B9800C045E0FF177405003710B65EF709140327
:104BA8003510F8FFF7090C03C045E0FFC05DA25EB1
:104BB800C00CC00C37109A5EF709F802C045E0FF38
:104BC800177405003710885EF709E802C045E0FF52
:104BD800C05D7C5EC00CC00C3710745E401DF8FFD1
:104BE800800C800CC045FCFFC05D665E3710625EBD
:104BF800401DF8FFC045FCFFC05D545E3710505E95
:104C080077006AF366118511C665F6FFF50B040097
:104C18000804401D0400000B35100400350AF8FF95
:104C28000301F5151000F8FF401D04001774F6FF86
:104C38000E10CE45C0FFCE554000F7098C02401D2E
:104C480004001774FCFF0E10CE45C0FFCE5540007F
:104C5800F70976024E1D0400CE45F0FF4E5DF8FFC1
:104C6800CE552000F7096202770002F3661185111C
:104C7800E60B401D06001774F9FF0E10CE45E0FF45
:104C8800CE552000F70942024E1D0400CE45FCFF18
:104C9800401D0600C045FCFFC00CC00C0E50CE5590
:104CA8006000F70924024E1D06008E0C8E0CCE45BE
:104CB800E0FFCE556000F7091002401D040017748C
:104CC800F9FF0E10CE45E0FFCE552000F709FA0196
:104CD8004E1D04008E0C8E0CCE45E0FFCE554000D4
:104CE800F709E601770086F2D10B04031120FC02D4
:104CF8007900FCFF590066118511C665EEFFC015E5
:104D08000100411D0800C145F8FF7710525D377456
:104D18004E5D3710485DC01D405D411D0A00C10C45
:104D2800C10C40E03710345DC01F305D411D0800E4
:104D38005774FDFF77101E5DC06D1A5D3710185D42
:104D4800F51D125DF4FFF51D125DEEFFC015008024
:104D5800C11D0C5DC165F2FF0174400A3510F6FFF4
:104D6800C0150100411D0400C145F8FF7710F05C33
:104D78003774EC5C3710E65CC01DDE5C411D060034
:104D8800C10CC10C40E03710D25CC01FCE5C411D85
:104D980004005774FDFF7710BC5CC06DB85C371019
:104DA800B65CC0150080C11DB65CC165F1FF017419
:104DB8003510F8FF401DF4FFC0ED9A5C3510F0FF88
:104DC800C01D945C406DF0FF3510F2FFF50BF0FF4D
:104DD8000502401DF6FF400A3540F8FF771D0C001C
:104DE8006C33F52D765CEEFF0787F71D6A5C583348
:104DF800F70B603324032301C0150100C11D4C5C6F
:104E0800C145F8FF7710585C3774545C37104E5C16
:104E1800C01D465CC11D365CC10CC10C40E037109A
:104E28003A5CC01F365CC11D225C5774FDFF7710C9
:104E3800245CC06D205C37101E5C770030F1F71DD4
:104E4800165C0433771DF8FF0A33F50BF0FF0D03EA
:104E5800B70A045CF52D005CF2FF1786F71DF85BB6
:104E6800E632F70BEE3218031701F7E50400EC5BA6
:104E7800C01FE85BC06DDE5B3710DC5BC01DD85B14
:104E8800406DF0FF3510F2FFAC01F71DCA5BB83278
:104E9800F70BC03208030701F71DBC5BAA32F715F0
:104EA800FF00B032D501F71DAE5B9C32771DF6FFCF
:104EB800A232DB0166112611E610A610F70972C6A8
:104EC80082158315841585158700801D0200F70952
:104ED800DEBC8700B711EA5BF709C80802867700CD
:104EE8002C00F7095A061987C1156027572C0200AC
:104EF80066271303F70924000287F7094A00C1153A
:104F08006627F7092C00F087F7097800ED01C61D20
:104F1800B05BC01501000101000A8700411C0200B6
:104F2800C90B0503771C06008A5BF8030101B10071
:104F38008700411C0400C90B0503771C0800745B3B
:104F4800F8030101B1008700771C0000625BF715C8
:104F58000100665BF71D245B625BB70A5E5BF715B1
:104F680000005A5BF7150200565BF715FEFF565B0B
:104F7800F7150200525B7710325BC1650200F70932
:104F88003E008700771C0000265BF715FFFF2A5BB1
:104F9800F7150000265BF71DE25A225BB70A1E5B75
:104FA800F715FEFF1A5BF715FCFF1A5BF7150400EF
:104FB800165B7710F65AC1650400F70902008700EE
:104FC800C21DF05AC31DEE5AC51DB65A9314427F2E
:104FD800771C1000F85A771C0800F45A771C0C004C
:104FE800D05AC01DD25AC51D985A100A427F451C76
:104FF8000800401C100005E0850C850AC21DB85A3F
:105008000260C06DAC5AA6102610F709220312518F
:10501800C0650200467F451C0800C56D965A4513B9
:10502800F7097A03C53500801003C51D505A45ECB1
:105038000800850CC50A0903F709F4021251C425B2
:10504800FFFF0302C0650200497F801582158412A4
:10505800451C1000C56D5C5A4513F7094003C5355A
:1050680001000D03451C10000A03850CC0E5020071
:10507800F709BC022251C425FFFF0102497FC5156B
:105088008427F7096003C01D3A5AC31D2A5A421CD7
:10509800100080608360C26D1A5A451C080045ECF8
:1050A8001000850C850A66110201CA5501006611B7
:1050B8008514C414F709E60250518515C4350080DB
:1050C80002024B7F1B014F7F2610A610E610C51D5C
:1050D800AC5945EC0800850CC50A0D036611CA5584
:1050E80001008514C414F709B40250518515C4355C
:1050F800008001034D7F83158215801585150301F6
:10510800F2550080FEFF66118518C418F7098E0253
:1051180060518515C435010002024B7F1201507F92
:10512800F10B10000E030412C43501000A03E25506
:1051380000808512C418F709640260513720845929
:10514800F382C01D7E59C31D6E59C51D34591314F1
:10515800427FC51D6E59F7091E030686CD1D3E59AF
:1051680077113A5977007C01F709A203C31D40590A
:10517800C36D4659F72044596E03F7099C01F70996
:105188003C0337112859C46D3E59F41D50590C0081
:10519800F46D44590C00031D04000A02F41D24593F
:1051A8000400F41D24591000F41D205908001801AA
:1051B800C51DCE58C01D0C591354427FF42D0A59F1
:1051C80010000304F41D02591000F42DFE580800C5
:1051D8000307F41DF6580800C51DE858F709200212
:1051E80026116610E61DE258E61DE0580111C16D52
:1051F800CE58421C04002903031D0400C51D825813
:10520800A610E6108012D2421340447F83158215FF
:10521800F71D9A58CA588510F7095C020386F709E2
:10522800F8010601F11DA2581000F11D9E58080052
:10523800C510F70942020386F709DE010601F41DCD
:1052480088581000F41D84580800B7157E58B71503
:10525800785881158415F7ED60585458F72D505833
:105268005C584003C01D4E58C31D4C58C51D1258EC
:105278001344427FC51D4058F709FC013387C31DFD
:105288002E58F7099400F7093402C46D3A58C46DD2
:105298002E58F41D48580C00031D04000702051180
:1052A800C5650400F7093E01031D0400C51D1C580F
:1052B800C5ED1658850C850AC21DFC57C26D0A58E3
:1052C800C36D06589354427FF42DFE571000030413
:1052D800F41DF6571000F42DF25708000307F41DCB
:1052E800EA5708004510F71DC257F457F7092A0175
:1052F8008700B715EC576610A610E6102611661140
:10530800E61DDE578700B715D85785158415831510
:1053180082158115E61DCA578700E610C30A030BDC
:10532800C30CC30CC36D5C57F712B25783158700C3
:10533800E6106611040AC40A37100C2EC59D0A2E01
:10534800C31D3057C57844C1C59D002EC31D2657BF
:10535800C57844C1C59DF52DC31D1C57C57844C1EA
:10536800800AC4003710E02DC59DDE2DC31D0457EB
:10537800C57844C1C59DD42DC31DFA56C57844C10E
:10538800C59DC92DC31DF056C57844C1C400F70B8F
:105398004A570102440AC00A851583158700C50BC0
:1053A8001D03440A1D030541190326106610261122
:1053B800440A000A0111C10A017944500111810A05
:1053C80001790205A100010C01404050453001035C
:1053D80045500440EF02854581158015441187002A
:1053E800440A05118700CD1DB456020277001EFB42
:1053F800F71FAA56A856661145130D0A851587008A
:10540800E610C31D7856C560830C250AC27ECD1DE3
:105418008C5677118856831587006611441D040041
:105428000C0366110511F709D6FF8515350A040026
:10543800F51500101000350A0800C51DA256F50B19
:1054480006001802F50B08001502A610E610421D0A
:105458000200431D0400F2100400B3100200350AD4
:105468000200350A040083158215F51D1856000040
:1054780077111256851587006611A610E61042119D
:10548800C31DFE55D20B0602C37E831582158515F2
:10549800B1008700C2E50200B7102E56C31DDE55C5
:1054A800C560830CE50B0102C37E77111E56831578
:1054B8008215851577E1125677E110568700A610F8
:1054C800E6106611C4156027051D0200CD0B060302
:1054D800432D0000030616034411F601C21DA6550C
:1054E8000202770028FAB7129C55F2100000321D0C
:1054F80002000200B4100200721D04000400B5107E
:105508000400851044118515831582158700A6109F
:10551800E6106611C21DB255C51DB05585E0C565BA
:1055280002008310C36D9C55426C0C00B710182CF8
:10553800F794202C820A467F8515831582158700EB
:10554800C31DA655F70976FF37118855C515842759
:10555800F70992FEF41D6C550600F4100000F710D0
:105568007455C01D8655C00A0110C3150300A1005B
:10557800010CC37EC14501007410120074100A00AA
:1055880077604055031D0000F7098EFDF41D4E5548
:105598000E00F71D48551A55C2150100C045F0FF09
:1055A8000303A100420C037EBF101855B710225503
:1055B800F70902008700B7113455C11D1655401C64
:1055C80012003710085537100655421C06000260B5
:1055D800C06DDE542610A610E610F70952FDC40B64
:1055E80002027700FA00C51DE854F709B0FDC40BA4
:1055F80002027700EA001211C0650200C43500807B
:105608001D03C51D7854C5EDC454850CC50A160381
:10561800F7091CFD1721FFFF08021211C0650200DF
:10562800F7650200AA544C7F0901C5150100F70966
:105638006CFD12110303F76502009454831582155B
:105648008015CA3501001A03C51D8254850C16033E
:10565800C0E50200F709D8FC1721FFFF0602221156
:10566800F7E5020068544C7F0901C5150080F70969
:105678002CFD22110303F7E502005254F11D4E548C
:105688001200F11D4A540A00431C0000C30A2607F1
:10569800F70986FCF70926FEF4100000C5157427E3
:1056A800F70942FD451C0A0045EC1200850C850AE5
:1056B800421C0600C31DFC53426C1200436C1200CE
:1056C8009314427F741C12001400741C0A000C000E
:1056D800F41DE0530800F41D04541000A100030158
:1056E800C61D0A54B1008700F70906FCF7093E00F9
:1056F800F715FFFFE653F709DAF7C11DE853C01D98
:10570800E253F709FA28F709FCFB8700F709E2FBDF
:10571800F7091A00370AC453F709B8F7C11DC65369
:10572800C01DC053F709D828F709DAFB8700F71D11
:105738001A53B653B70AB253F71D1253AE53B70AEA
:10574800AA53C11D1C53370A2A53010CB70B245303
:10575800370A2253010CB70B1C53370A1A53010C92
:10576800B70B1453C11D0053010B7790E029F71DA7
:10577800E8521053F71D7C510253F71DCC520053C9
:10578800F7450F00FA52F71DF652F252B70CEE52D7
:10579800B70CEA52B70CE652F71DE252E452B70CC6
:1057A800E0528700C015D20AF709EE2737103453A4
:1057B80077103253C11D2C53810CC1EDC0525707CD
:1057C800C21DBE52C2650B00030A0101830A81E0B3
:1057D800FD06C30B4C03D72019000207C315170099
:1057E800F7100453C11DFE52810AC1450100C21DB4
:1057F80090527710C052110A827E7710BA52C21D99
:105808008052110A827E6610C21548278110B7108F
:105818007452C3150900110AC27ED1150010D115A2
:1058280000108115C51DC052C50A0B034A1042104D
:10583800C3150900110AC27ED1150010D115001038
:105848004B7FC2155E27C51D9E524A104210C31DCC
:105858003052110AC27E477FC1156027110AD1153F
:105868006627110A110A110AC91560270101B1003A
:105878008700000000000000000000000000000099
:105888000000000000000000000000000000000010
:105898000000000000000000000000000000000000
:1058A80000000000000000000000000000000000F0
:1058B80000000000000000000000000000000000E0
:1058C80000000000000000000000000000000000D0
:1058D80000000000000000000000000000000000C0
:1058E80000000000000000000000000000000000B0
:1058F80000000000000000000000000000000000A0
:10590800000000000000000000000000000000008F
:10591800000000000000000000000000000000007F
:10592800000000000000000000000000000000006F
:10593800000000000000000000000000000000005F
:10594800000000000000000000000000000000004F
:10595800000000000000000000000000000000003F
:10596800000000000000000000000000000000002F
:10597800000000000000000000000000000000001F
:10598800000000000000000000000000000000000F
:1059980000000000000000000000000000000000FF
:1059A80000000000000000000000000000000000EF
:1059B80000000000000000000000000000000000DF
:1059C80000000000000000000000000000000000CF
:1059D80000000000000000000000000000000000BF
:1059E80000000000000000000000000000000000AF
:1059F800000000000000000000000000000000009F
:105A0800000000000000000000000000000000008E
:105A1800000000000000000000000000000000007E
:105A2800000000000000000000000000000000006E
:105A3800000000000000000000000000000000005E
:105A4800000000000000000000000000000000004E
:105A5800000000000000000000000000000000003E
:105A6800000000000000000000000000000000002E
:105A7800000000000000000000000000000000001E
:105A8800000000000000000000000000000000000E
:105A980000000000000000000000000000000000FE
:105AA80000000000000000000000000000000000EE
:105AB80000000000000000000000000000000000DE
:105AC80000000000000000000000000000000000CE
:105AD80000000000000000000000000000000000BE
:105AE80000000000000000000000000000000000AE
:105AF800000000000000000000000000000000009E
:105B0800000000000000000000000000000000008D
:105B1800000000000000000000000000000000007D
:105B2800000000000000000000000000000000006D
:105B3800000000000000000000000000000000005D
:105B4800000000000000000000000000000000004D
:105B5800000000000000000000000000000000003D
:105B6800000000000000000000000000000000002D
:105B7800000000000000000000000000000000001D
:105B8800000000000000000000000000000000000D
:105B980000000000000000000000000000000000FD
:105BA80000000000000000000000000000000000ED
:105BB80000000000000000000000000000000000DD
:105BC80000000000000000000000000000000000CD
:105BD80000000000000000000000000000000000BD
:105BE80000000000000000000000000000000000AD
:105BF800000000000000000000000000000000009D
:105C0800000000000000000000000000000000008C
:105C1800000000000000000000000000000000007C
:105C2800000000000000000000000000000000006C
:105C3800000000000000000000000000000000005C
:105C4800000000000000000000000000000000004C
:105C5800000000000000000000000000000000003C
:105C6800000000000000000000000000000000002C
:105C7800000000000000000000000000000000001C
:105C8800000000000000000000000000000000000C
:105C980000000000000000000000000000000000FC
:105CA80000000000000000000000000000000000EC
:105CB80000000000000000000000000000000000DC
:105CC80000000000000000000000000000000000CC
:105CD80000000000000000000000000000000000BC
:105CE80000000000000000000000000000000000AC
:105CF800000000000000000000000000000000009C
:105D0800000000000000000000000000000000008B
:105D1800000000000000000000000000000000007B
:105D2800000000000000000000000000000000006B
:105D3800000000000000000000000000000000005B
:105D4800000000000000000000000000000000004B
:105D5800000000000000000000000000000000003B
:105D6800000000000000000000000000000000002B
:105D7800000000000000000000000000000000001B
:105D8800000000000000000000000000000000000B
:105D980000000000000000000000000000000000FB
:105DA80000000000000000000000000000000000EB
:105DB80000000000000000000000000000000000DB
:105DC80000000000000000000000000000000000CB
:105DD80000000000000000000000000000000000BB
:105DE80000000000000000000000000000000000AB
:105DF800000000000000000000000000000000009B
:105E0800000000000000000000000000000000008A
:105E1800000000000000000000000000000000007A
:105E2800000000000000000000000000000000006A
:105E3800000000000000000000000000000000005A
:105E4800000000000000000000000000000000004A
:105E5800000000000000000000000000000000003A
:105E6800000000000000000000000000000000002A
:105E7800000000000000000000000000000000001A
:105E8800000000000000000000000000000000000A
:105E980000000000000000000000000000000000FA
:105EA80000000000000000000000000000000000EA
:105EB80000000000000000000000000000000000DA
:105EC80000000000000000000000000000000000CA
:105ED80000000000000000000000000000000000BA
:105EE80000000000000000000000000000000000AA
:105EF800000000000000000000000000000000009A
:105F08000000000000000000000000000000000089
:105F18000000000000000000000000000000000079
:105F28000000000000000000000000000000000069
:105F38000000000000000000000000000000000059
:105F48000000000000000000000000000000000049
:105F58000000000000000000000000000000000039
:105F68000000000000000000000000000000000029
:105F78000000000000000000000000000000000019
:105F88000000000000000000000000000000000009
:105F980000000000000000000000000000000000F9
:105FA80000000000000000000000000000000000E9
:105FB80000000000000000000000000000000000D9
:105FC80000000000000000000000000000000000C9
:105FD80000000000000000000000000000000000B9
:105FE80000000000000000000000000000000000A9
:105FF8000000000000000000000000000000000099
:106008000000000000000000000000000000000088
:106018000000000000000000000000000000000078
:106028000000000000000000000000000000000068
:106038000000000000000000000000000000000058
:106048000000000000000000000000000000000048
:106058000000000000000000000000000000000038
:106068000000000000000000000000000000000028
:106078000000000000000000000000000000000018
:106088000000000000000000000000000000000008
:1060980000000000000000000000000000000000F8
:1060A80000000000000000000000000000000000E8
:1060B80000000000000000000000000000000000D8
:1060C80000000000000000000000000000000000C8
:1060D80000000000000000000000000000000000B8
:1060E80000000000000000000000000000000000A8
:1060F8000000000000000000000000000000000098
:106108000000000000000000000000000000000087
:106118000000000000000000000000000000000077
:106128000000000000000000000000000000000067
:106138000000000000000000000000000000000057
:106148000000000000000000000000000000000047
:106158000000000000000000000000000000000037
:106168000000000000000000000000000000000027
:106178000000000000000000000000000000000017
:106188000000000000000000000000000000000007
:1061980000000000000000000000000000000000F7
:1061A80000000000000000000000000000000000E7
:1061B80000000000000000000000000000000000D7
:1061C80000000000000000000000000000000000C7
:1061D80000000000000000000000000000000000B7
:1061E80000000000000000000000000000000000A7
:1061F8000000000000000000000000000000000097
:106208000000000000000000000000000000000086
:106218000000000000000000000000000000000076
:106228000000000000000000000000000000000066
:106238000000000000000000000000000000000056
:106248000000000000000000000000000000000046
:106258000000000000000000000000000000000036
:106268000000000000000000000000000000000026
:106278000000000000000000000000000000000016
:106288000000000000000000000000000000000006
:1062980000000000000000000000000000000000F6
:1062A80000000000000000000000000000000000E6
:1062B80000000000000000000000000000000000D6
:1062C80000000000000000000000000000000000C6
:1062D80000000000000000000000000000000000B6
:1062E80000000000000000000000000000000000A6
:1062F8000000000000000000000000000000000096
:106308000000000000000000000000000000000085
:106318000000000000000000000000000000000075
:106328000000000000000000000000000000000065
:106338000000000000000000000000000000000055
:106348000000000000000000000000000000000045
:106358000000000000000000000000000000000035
:106368000000000000000000000000000000000025
:106378000000000000000000000000000000000015
:106388000000000000000000000000000000000005
:1063980000000000000000000000000000000000F5
:1063A80000000000000000000000000000000000E5
:1063B80000000000000000000000000000000000D5
:1063C8000000000010101010101000100000002431
:1063D800241200000000000000000024247E247E17
:1063E800242400000000423C4242423C420000009B
:1063F800008646201008C4C200000018242418147F
:10640800A242BC000000301008000000000000009C
:10641800002010080808081020000000081020209C
:10642800202010080000000000105438541000000C
:10643800000000101010FE101010000000000000F6
:106448000000001818100800000000007E0000007E
:106458000000000000000000001818000000008084
:106468004020100804020000003C4262524A4642A2
:106478003C000000101814101010107C0000003CA4
:106488004242201008447E0000007E201038404020
:10649800423C00000020302824227E2020000000FA
:1064A8007E02023E4040423C0000003C42023E4226
:1064B80042423C0000007E42201008040202000014
:1064C800003C42423C4242423C0000003C424242C4
:1064D8007C40423C0000000000181800001818001A
:1064E80000000000181800001818100800002010FC
:1064F80008040810200000000000007E007E000054
:1065080000000000040810201008040000003844AF
:10651800402010100010000000003C42809C929225
:106528006C000000182442427E4242420000003EB5
:1065380042423E4242423E0000003C420202020207
:10654800423C0000003E4484848484443E000000B1
:106558007E02023E0202027E0000007E02023E022D
:106568000202020000003C4202027242423C000069
:1065780000424242427E424242000000381010105F
:1065880010101038000000381010101010120C00F5
:1065980000004222120E0A122242000000020202E9
:1065A800020202027E00000082C6AA9282828282D1
:1065B8000000004242464A526242420000003C4209
:1065C80042424242423C0000003E4242423E0202F7
:1065D800020000003C4242424242523C4000003E1F
:1065E8004242423E1222420000003C42023C4040ED
:1065F800423C000000FE10101010101010000000A7
:10660800424242424242423C0000008282828282EE
:106618004428100000008282828292AAC68200006A
:106628000042422418182442420000008282442872
:10663800101010100000007E4020100804027E0098
:10664800000038080808080808380000000002049C
:10665800081020408000000038202020202020380A
:106668000000000000007E40400000000000000024
:1066780000000000007E000000181020000000004C
:106688000000000000003C407C4242BC00000002C8
:10669800023A464242463A00000000003C420202EA
:1066A800423C00000040405C624242625C000000E4
:1066B80000003C42427E027C0000003048081C0872
:1066C80008080800000000005C624242625C403C2E
:1066D8000002023A464242424200000010001810EE
:1066E80010101038000000100010101010101012B8
:1066F8000C00020222120E12224200000018101092
:10670800101010103800000000006E9292929292C1
:1067180000000000003A46424242420000000000E9
:106728003C424242423C00000000003A4642424697
:106738003A02020000005C624242625C4040000093
:10674800003A460202020200000000003C023C40FF
:10675800423C00000008081C0808084830000000F7
:10676800000042424242625C0000000000828282D5
:10677800442810000000000082828292926C00007F
:106788000000004224181824420000000000424281
:106798004224180804020000007E201008047E002D
:1067A8000000006010100C101060000000001010B5
:1067B8001010101010000000000C10106010100CC9
:1067C8000000007E000000000000000000007E7E47
:1067D8007E7E7E7E7E7E000000081C2A080808084F
:1067E8000800000008080808082A1C080000000023
:1067F800000402FF02040000000000002040FF40E7
:106808002000000000000000000000000000000060
:106818000000000000000000000000000000000070
:106828000000000000000000000000000000000060
:106838000000000000000000000000000000000050
:106848000000000000000000000000000000000040
:106858000000000000000000000000000000000030
:106868000000000000000000000000000000000020
:106878000000000000000000000000000000000010
:106888000000000000000000000000442810284418
:1068980000000000000010007C0010000000000054
:1068A80000000000000000000000000000000000E0
:1068B800000000000040404048447E0408000000FA
:1068C80000000000000000000000000000000000C0
:1068D80000000000000000000000000000000000B0
:1068E80000000000000000000000000000000000A0
:1068F8000000000000000000000000000000000090
:10690800000000000000000000000000000000007F
:10691800000000000000000000000000000000006F
:10692800000000000000000000000000000000005F
:1069380000000000000000001414141414171414AC
:106948001414140808080808FF00000000001414B4
:10695800141414F4141414141400000000000F0884
:10696800080808081414141414141414141414081B
:1069780008080808F808080808080808080808F8AF
:10698800000000000014141414F404F41414141473
:1069980000000000FC04F41414141408080808FF8C
:1069A80000FF080808080000000000F808080808A8
:1069B800080000000000FF08080808081414141450
:1069C800F700FF000000001414141414FF00000066
:1069D800000008080808080F080808080814141414
:1069E80014F700F7141414140808080808FF080816
:1069F80008080808080808F808F808080808141417
:106A0800141414F714141414140000000000FF14D4
:106A18001414141408080808FF00FF000000000000
:106A280000000000FF000000000014141414F40417
:106A3800FC000000000808080808080808080808FA
:106A480000000000FF00FF080808080808080808F8
:106A58000F000000000000000000FF00FF00000021
:106A680000141414141710171414141414141414F0
:106A780017101F0000000000000000FF00F71414AA
:106A88001414080808080F080F0808080800000070
:106A9800001F1017141414140000006292929E92A2
:106AA8006200000000003C407C4242BC0000004004
:106AB8003C023E4242423C000000000022222222C8
:106AC800227E40000000007048444444FE820000DA
:106AD80000003C42427E027C0000000000107C92D4
:106AE80092927C10100000007E4202020202000016
:106AF80000000042241818244200000000004262EE
:106B0800524A464200000018004262524A46420079
:106B1800000000004222121E224200000000007005
:106B28004844444442000000000082C6AA9282827F
:106B380000000000004242427E4242000000000085
:106B48003C424242423C00000000007E4242424237
:106B58004200000000007C42427C444200000000E9
:106B6800003A464242463A02020000003C42020213
:106B7800423C0000000000FE101010101000000041
:106B880000004242422418080402000000925438CF
:106B980038549200000000003E423E42423E00004F
:106BA80000000002023E42423E00000000008282D5
:106BB8009EA2A29E00000000003C403840403C00DD
:106BC800000000009292929292FE00000000003EA7
:106BD80040407C403E00000000009292929292FE5B
:106BE80080800000004242427C40400000000000DB
:106BF80007057C84847C000000629292929E9292A7
:106C080062000000182442427E4242420000007E98
:106C180002023E4242423E0000004242424242429A
:106C280042FE80000070484444444444FE82000010
:106C38007E02023E0202027E000000107C929292C6
:106C4800927C101000007E42020202020202000042
:106C58000042422418182442420000004242625274
:106C68004A464242000018424262524A46424200A4
:106C780000004222120E1222428200000070484494
:106C8800444444444200000082C6AA92828282821E
:106C98000000004242427E424242420000003C4222
:106CA80042424242423C0000007E4242424242424C
:106CB800420000007C4242427C4844420000003EC0
:106CC8004242423E0202020000003C42020202022C
:106CD800423C000000FE921010101010100000003E
:106CE800424242427C40423C000000929254385456
:106CF8009292920000003E42423E4242423E0000D2
:106D0800000202023E4242423E0000008282829E0F
:106D1800A2A2A29E0000003C4240384040423C00F3
:106D2800000092929292929292FE0000003C428061
:106D380080F880423C00000092929292929292FED9
:106D4800808000424242427C4040400000000705EB
:106D5800047C8484847C0000C0178026A100000C79
:106D68001F108026800A1F1008FEC0970CFE051011
:106D78001774FDFF172003000A82C00C0302DF0B03
:106D8800240E0581F80954AADF0A320E8700F70994
:106D98002000FA017EB29EAC72AAA4AB1F8ADC2640
:106DA800DF17802608FEDF17DC260CFEDF0B34FE1B
:106DB80087007709FA000500F7A508005F7C04033F
:106DC800F7950200567C6401C11D547CC125006002
:106DD800F783C1450100C21D487CC22500E0F0834D
:106DE800820CC2450080C31D3A7C5003C09D2F7C95
:106DF800178D8000C5170400DF1564AB0400DF455C
:106E080001002CFE800C0487DF4508002CFE0301DE
:106E1800DF5508002CFEDF4506002CFE5720FE1F1C
:106E28000582C41502001F512CFE0D015720FE3F9C
:106E38000682DF5504002CFEC41501000401DF554D
:106E480006002CFE040AC1450060C1550080C0152B
:106E580000A040E0800CC0200382C010030A01019A
:106E680003E09F1008FE5F140CFE820AC225007022
:106E7800A783097EC30B0A03C40AA281DF65020047
:106E88002CFEC1150080C0150010E501378A8C7BE7
:106E9800DF5501002CFE5F110400178D0000F70973
:106EA800FEFE8700F7950100727BD60BD60BF0012A
:106EB8004015C115DC26DF17802608FE02019F0A4F
:106EC80008FED1170CFE057E85004015C115DC268D
:106ED800DF17802608FE02019F0A08FE5F140CFED9
:106EE800057E85007709C8FF05001F8ADC26572123
:106EF8001A000E02C097DD2605101774FDFF172033
:106F080003000682C00C0760070124012D01360129
:106F180077009EFE770094FEC117E026C017E22690
:106F2800C00C850C1286F7097050800C1F20E226D1
:106F38000386DF95FF00DC261F10E2265F10E0269F
:106F4800770986FF0400770062FEF709B250E081F6
:106F580077004CFEF7093000DB0302019F0A08FEA8
:106F68005F140CFE057ED601F7091C00D10302014F
:106F78009F0A08FED1170CFE057ECC01DF17E0261C
:106F8800600E9F0A3E0EC601C117E026C017E22612
:106F9800A100000C1F1008FEC017E4268700000A95
:106FA800C115C426C2150C001110827EF715D00039
:106FB800527AF71568004E7AF715401F4A7AF71586
:106FC800D007467AF715601F427AF715E8033E7A2C
:106FD800F715E8033A7AF7153400367A8700770907
:106FE800CEFE1700050A417F178D8000F7094E5025
:106FF800F7090605DF15DCAFC400DF158000C60001
:10700800DF1578B1C800DF158000CA001F0AC0FF6D
:10701800DF5500012CFEDF458000CEFFDF4547002D
:1070280036FEC09DF779C04580FFC00CF80942AD17
:107038003790E879DF450C00CEFFF709BC04C41D82
:107048007E79C4650C001F1108FEC415F426C2150C
:107058000B001F150CFE9F0A08FE857EDF45000108
:107068002CFEDF154000C0FFDF558000CEFFDF5546
:10707800470036FEF70928FDF709D64F178D00009F
:10708800870066AD6CAD9AAD66AD66AD66AD66ADB2
:1070980066AD42AE48AE66AD66AD4EAE5AAE24AEF3
:1070A80066ADCCADB2ADC01508008700F715D000AD
:1070B8005279F71568004E79F715401F4A79F71588
:1070C800D0074679F715601F4279F715E8033E792E
:1070D800F715E8033A79000A8700F715680024795C
:1070E800F71534002079A000F715D0072279000A97
:1070F8008700B7112479C41D3679A100040C1F112B
:1071080008FEF7097801C21580001901B7110A793C
:10711800C41D1C79A100040C1F1108FEF7095E01AB
:10712800F7097A01F7098801C01D06790210C20B18
:107138001703F7098C01C01DF678F7098401F709D0
:107148006201040AC0170CFE9F0A08FE0460440B83
:10715800F7096E01897E0011F7096601F7099401A4
:10716800000A8700B711B278C2158000C01DC07828
:10717800A100000C1F1008FEF709D401F7092E0220
:107188005C01370A92780601370A8C780901F715ED
:1071980004008478370A7E780601F71504007878A9
:1071A800F71512007078B7117078F709A201F7097E
:1071B800BE01F7093602F7098002C135010008034C
:1071C800F7099A0237107E78F70992023710747817
:1071D800C31D3C78C76D3E78C2150800C415F42657
:1071E800C015E02614244502837EC13501000D0236
:1071F800C2158000C01D3878A100000C1F1008FEC1
:10720800C3150800F709A6011801C01D2478C00B92
:107218000381C02D30780282C01D2A780210F71D24
:1072280022782478C01D0878A100000C0486C01DAF
:107238001278A100000C1F1008FEC20B1603040AE6
:10724800F709DA010201F7091402C76DCA771F109E
:107258000CFE9F0A08FE0460440B8B7EC1350100BA
:107268000403F709F80104200702000A178D8000BB
:107278008700C0150100FA01C0150A00F701DF45B3
:107288000C00CEFF1F0ACAFFDF0BCCFFFD02DF1583
:107298004100C8FFC3150400178D00008700C41DF6
:1072A80066770201C41D6277F7094800037F8700EB
:1072B800C2150800C415E0260015F7090400847EED
:1072C8008700F7090800C000F70902008700F709DE
:1072D8001E00B100008C07030386F7091600FA01A7
:1072E800F7090C00F701F7090A00F70906008700FB
:1072F800050A0201C5150C00F709E201C30BFC02DF
:107308004761DF1DFE76CAFFC31502000501DF1DB8
:10731800F476CAFFC3150400A1008700DF550200F8
:10732800CEFFDF15EAAFC4000601DF450200CEFF3D
:10733800DF15DCAFC400DF0BCCFFDF8BC8FFFB81A0
:10734800C30A01810200C0150C00C61DCC76870057
:107358001F0AC8FFC11DC6761F0ACAFFDF0BCCFF74
:10736800FD02DF550C00CEFFDF151100C8FF8700B6
:10737800178D8000C21D94764411F7096001DF352E
:107388002000C8FFFA03C517CCFFDF0BCCFFDF35A1
:10739800A800C8FFFA0244E10180040B3721727685
:1073A800E982967EC3150800178D00008700178DA7
:1073B8008000C01D58764411F7092201DF352000EE
:1073C800C8FFFA03C517CCFFDF0BCCFFDF35A800D9
:1073D800C8FFFA0244E10180040B37213476E982C0
:1073E800167EC3150800178D000087004410C015CD
:1073F8000800010A030AF7099E00C55500F041E19B
:10740800067EC3150800177208000110800C406042
:10741800000BC04500F03710FA7501118700050A06
:10742800F709BA00C50BFC03830A7721E675F786CE
:10743800830A830AF7091A008700C2150800C415D1
:10744800F426F709D8FF0201F70912001410847E08
:107458008700008AC0558000F7091C000201F7095F
:107468000A00C000F7090400C0008700008AC05560
:107478008000F70922000B87F7091C00008CFC86A6
:10748800F70914000486F7090E0001868700C01565
:107498000900C61D84758700050AF7094000C50B59
:1074A800FC0377216E750487C3150300B10003013F
:1074B800C3150100A1008700C30B0402C50B0A0213
:1074C800C517CCFFDF0BCCFFDF35A800C8FFFA02D9
:1074D800C30A0200C0150B00C61D3E758700DF8B6E
:1074E800C0FF0A80DF250400C2FF0602C61D2A75F8
:1074F800C015FF00178D800087001F0AC8FFDF0B2B
:10750800CCFFDF0BC8FFF9028700DF0B5AFE370AF2
:10751800B274DF1DAE7458FE378A0075370AB0742E
:10752800370AAE74DF350010C4FF1603F715900153
:107538009C74C115B026C0150300F7097600C11563
:10754800B426C0152400F7096A00F7952800867448
:10755800F795500081741501F715E8037074C1158B
:10756800B026C0151400F7094A00C115B426C01585
:107578002800F7093E00F79508005A74F7951E0091
:107588005574C115B826C0150A00F7092600C1159B
:10759800BC26C0150100F7091A00F7150200487447
:1075A800F715FFFF7974F715FFFF4074F715FFFF14
:1075B8003C748700C21504001190827E8700770909
:1075C800EEF80500F709764A7709FC05080094B239
:1075D80047008700F7090A061F8AC8FFF7092E0621
:1075E800F745ECFBDE73F7C5C00031745003F7A50F
:1075F8000800297402837700D207F78B217407806B
:10760800F7552000BE73F7950100BE730501F745D5
:107618002000B073378AB273F7C5FC000174F79D78
:10762800FE73A773010AC19DF573779CB026A073FA
:10763800779CB4269C73779CBC26C473779CB82629
:10764800BF73F78BDB732381F7ADD573B3731F82D9
:10765800F7A50500AB730403F71502008A7303014D
:10766800F71503008273C01D7E73379C16BB927397
:10767800C00C371C0ABB7273F7A518009F730182F0
:107688001001A100370C9A73C01D98730580F795F7
:10769800090088737700BA05C06D8673C02500702D
:1076A800F687C19D797377101C73F765AC2616733E
:1076B800770914054100C8B34700F735000404737F
:1076C8000702F7551000FC72F71D027306730D01CF
:1076D800C09DF072C0C5FC0040AC06BB0302F709B0
:1076E8004C051901F71DEA72EA72F7450300D472D6
:1076F80077DC06BBCE72F7550004C872DF1DC47272
:1077080058FEF70928050200F709D604F70AC472DB
:107718000102010102007709AE0441003CB44700B0
:10772800FF8BA2723280FF9580009A72F745400065
:107738009272DF1D8E7258FEF75580008672DF3513
:10774800010058FE0603F745800078723F8A76727A
:107758001C01FF8A70720B02F74580006672FF9564
:10776800FF006272F7950700B2727700E404DF1D2C
:10777800527258FEF71D58725A720200F7096204D5
:10778800F70A50720102DB010200F7AF38729072FB
:107798004A031082BF8A2E720881F735400024728E
:1077A8002202F75540001C721501F79508006C720B
:1077B80077009E04FF8A0E72DF35010058FE03032E
:1077C8003F8A0272E201F7354000F8710C03F74571
:1077D8004000F071DF1DEC7158FEDF15A2B4C40043
:1077E8000200F709FC03F79D1672FA71F71DE071A4
:1077F800E271DF15D2B4C400F70902000200F755A0
:107808008000C071DF1DBC7158FEF7458000B4715F
:107818008700F709CC03F70ABA710402F78AC67120
:10782800E502B3010200F7450C009871F71DA67137
:10783800B471F7A50100C8710403B78CA871B78C9F
:10784800A571FFADA0717E710B82FFAD9971767144
:107858000482F75504006C710301F7550800647140
:10786800DF1D607158FEDF152EB5C4000200F70950
:1078780070031F8AC8FFF7099403C41558FE051141
:10788800D50BF7A5080095711703CC35040005033F
:10789800F795060086717700B803F7A510007D718B
:1078A8000B03F7A51800757102027700CE03F79550
:1078B8000900687177009A03F7151E001671C21D3A
:1078C8001271C31DFE70C41558FE0511D50B77093A
:1078D800F602350598B5070040130203800A07022F
:1078E800DF8BC8FFF980F709F8028A7E2601C115E7
:1078F8000400F7A5050009710402CC0B0280C1152C
:107908001E0040130903800A0703DF8BC8FFEF80BE
:10791800F709CE02947E150140130203800AE002A3
:10792800457EC3550001CC10C3450001C015960023
:10793800CC10CC8B1381037ECF01F7954000DC700F
:107948000B01F7954100D4700701F7954200CC7000
:107958000301F7950300C4707700F602CD0BCC8BBA
:10796800FE80CD25FEA13103C0150C00C06D7A70D4
:10797800C00CC00C1F8AC8FF1F10CAFF1F20CCFFF5
:10798800F902DF155CB6C400DF954700C8FFF710A1
:107998003270B7103E70F70994020200F7094202EC
:1079A800F7096A02F70A2C70D007DF153505CAFFF8
:1079B800DF150700C8FFC21D1A70C31D0670C41565
:1079C80058FE0511D50B7700B601CC8BFE807713D6
:1079D8001470F72DF46F0E701203CC8BFE80CD0B54
:1079E800F7091C020903F710DA6FF7094002FF953F
:1079F800FF00D26F77001EFDC0152000B701CC8BA9
:107A0800FE804013C000C0AD1770F602C21D14708E
:107A1800DF1D0E7008FEF709E6010402F795020063
:107A2800FA6F9A01F7A50800F36F2D02CD0BC11567
:107A38001100F70964012303CC8BFE80CD25FBA13F
:107A48001E02C11DA46FC20B0C03CC8BFE80401319
:107A5800C0001F100CFE9F0A08FEC20A05034B7ED9
:107A68000401CC8BFE80CD0B447EB710B66FF709AE
:107A78008E014902F7950100A26F7700DAFEF795AB
:107A88000400986FFA01C20B02027700C001CD15FD
:107A98004E4EC0150B00CC8BFE80CD154E4E057E8C
:107AA800C0150600CC8BFE80CD150000057EC355A1
:107AB8000002CC8BFE80CD15A1A1CC10C3450002DD
:107AC800CC8BFE80CD15A1FBC11D1E6FC10ACC8BCE
:107AD800FE80CD170CFECC109F0A08FEC20A0A03CE
:107AE800CC8BFE80CD170CFE9F0A08FEC20A060347
:107AF800497E0501CC8BFE80CD150000457EB71070
:107B0800226FF709E800F70B1A6F020277003E01AF
:107B1800F71708FE0C6FB78A076FF7AD036FE16EB2
:107B28002983F7A50100F66E0603C335200003027A
:107B3800B70A966E0901B78AE66EF79DE26E8A6EFD
:107B4800F700866E378A826E1F8AC8FFDF0BCCFF6C
:107B5800DF0BCCFFF7950100C76EF7A50100BE6EDD
:107B68000303C01520000378F710586EF709BE000C
:107B78007700A2FBDF0BCCFFDF0BCCFFC2151E008A
:107B8800CD0B010AC19D7A6EC1650600F7090A008E
:107B980002037700C8FD77003EFDCC8BFE804013C2
:107BA8000403800A0203477E0B01C3550001CC1071
:107BB800C3450001C0159600CC10CC8B0381037E11
:107BC800B4008700CD0B87001F8AC8FF5F13CAFF68
:107BD8005F23CCFFF902D50B5F15C4005F15C8FF02
:107BE8008500DF0BCCFFDF8BC8FFFB818700CC351E
:107BF8000040FD03CD154E4ECC8BFE80CD0B87008B
:107C0800C0151E00CC3500400102047E87003710E5
:107C1800C86D7710C66DB710C46DF710C26D3711F7
:107C2800C06D7711BE6DF71708FEAC6D8700C01DDB
:107C3800A86DC11DA66DC21DA46DC31DA26DC41D76
:107C4800A06DC51D9E6DDF1D8E6D08FE8700378AED
:107C5800CA6DF7094AF17709E641FA002CB9F70924
:107C6800CCFF1F0AC8FFF709E8430200F7451F04C5
:107C7800526DDF1D4E6D58FE8700E901C31D446D2E
:107C8800C41558FE0511D50BF7003E6DC29D916DC8
:107C9800C245FCFF0502F7150B00806D7700B2FFA7
:107CA800B79C12BB406DB79C16BB566D8110C10CBA
:107CB800411C0ABBC200820AC015E803CC0B07802E
:107CC800037ECD0BF7950C00526D770084FFC0152D
:107CD800800CCD154E4ECC0B0681CC8BFE80CD157D
:107CE8004E4E077EEE01C0151000CD154E4ECC8BC2
:107CF800FE80CD154E4E057EC0150600CC8BFE804D
:107D0800CD150000057EC3550002CC8BFE80CD1535
:107D1800A1A1CC10C3450002CC8BFE80CD15A1FEDD
:107D2800CC8BFE80CD1DA26CCC10CC8BFE808D1030
:107D3800C0150B00CC350040FD03CD154E4ECC8B45
:107D4800FE80CD154E4E057EC0150600CC8BFE80FC
:107D5800CD150000057EC3550002CC8BFE80CD15E5
:107D6800A1A1CC10C3450002CC8BFE80CD15A1FB90
:107D78004010CC8BFE80CD1DA86CCC10C00ACC8BDB
:107D8800FE80CD1D9C6C057E820AC09D746CCC352E
:107D98000040FD03F78A4E6CA802C015E803CC0B1F
:107DA8000B81CC8BFE80CD154E4E077ECD0BF79503
:107DB8000C00686C77009AFEC0150500CC8BFE801D
:107DC800CD154E4E057ECD0B770082FE000AC09D74
:107DD8004B6CC02504000586F79509003E6C7700BA
:107DE80070FEF79D3A6CFE6BC00AC115BABA016005
:107DF80001604112C909770054FEE8BAEEBAF4BA34
:107E0800FABAC09D196CC0A5FF000503C215010090
:107E1800C0C5FC000301000AC21504000160C99D29
:107E2800C46B810A847E8700C115B026EA01C1159A
:107E3800B426E701C115B826E401C115BC26F7151B
:107E48000200A26BDE0103020100000080000001B5
:107E5800000200100A05001B123A00A054A2661185
:107E68008511F7099601C00BFC0277000001661125
:107E78008511C01D7E6AC00CC00CC0654005C06578
:107E8800FCFF3710D46BF71DD06BD06BF715800251
:107E9800B86B370ABA6B370AB86BC0150100C11D39
:107EA800AE6BC145F8FF7710B66B3774B26B3710FD
:107EB800AC6BC01DA46BC11D986BC10CC10C40E01C
:107EC8003710986BC01F946BC11D846B5774FDFFEE
:107ED8007710826BC06D7E6B37107C6B370A826BB4
:107EE800370A806B370A7E6B370A7C6B370A7A6BE6
:107EF800370A786B370A766B370A746B370A726BF6
:107F080077006A0026106610F7090A0581158015A2
:107F1800870066118511F735020065421103F735B0
:107F280080005D42FC02771D04005442F745800042
:107F38005042F73580004942FC03F7158000424261
:107F480077002A0066118511F7157C003542F71570
:107F580080002E4277001600401185112611E61088
:107F6800A610260A48004211841883188218461160
:107F7800851587000CBD4900000042BD92BD560022
:107F880082BD500072BD4D0062BD4C000000A2BD14
:107F98002CBE5500C6BD5200C0BD4400000034BE12
:107FA80052BE4400000074BE60C04900D2BF480001
:107FB80090BF470022BF46001ABF450014BF4400C7
:107FC8000ABF4300DCBE420092BE410000007CC0F4
:107FD8009AC021000000C2C082C025007ABE5500A8
:107FE8003ABE5400A8BD52004ABD4D00F4BC4C0036
:107FF8000000C8C0DCBC1B000000CEC0770958FFD9
:10800800C665FAFFF709AC0E3590F9FF409DF9FFF8
:10801800C04500FFC115B4BC7700CC0CF709940E1D
:108028003590F9FF409DF9FFC04500FFC11598BC88
:108038007700B40CF7097C0E3590F9FF409DF9FFE5
:10804800C04500FFC11534BC77009C0CF709DE0A57
:10805800F71D006A186AF709D40AF71DF669106A4D
:10806800F709CA0AF71DEC69086ACE1D046AE61DFD
:10807800FE69E61DF869F709DCE09625C095010060
:108088000201C09501007700DCFEF709260E359045
:10809800F9FF409DF9FFC04500FFC1153CBC7700C2
:1080A800460CF709880AF71DAA69B669C095010048
:1080B800EA01F709780AF71D9A69AA69C0950100CB
:1080C800E201F709680AF71D8A699C69C0950100F1
:1080D800DA01F709580AF71D7A698869C09501001D
:1080E800D201C0950100CF01F709C80D3590F9FFFD
:1080F800409DF9FFC04500FFC11550BC7700E80B53
:10810800C0950100C001F7097A0AF72D42693A695A
:108118000404F72D3C69DC670305C0950100B30131
:10812800F51D2C69F6FFF51D2869F4FFF709540AB7
:10813800F72D1C6914690404F72D1669B667030541
:10814800C0950100A001F709E409CE1D0669E61DE6
:108158000069E61DFA68661DF4FF661DF6FFF7095B
:10816800940BC6650800C09501000201C095010086
:108178007700F2FDC0950100FB01F709360D359037
:10818800F9FF409DF9FFC04500FFC11560BC7700AD
:10819800560BF7099809F71DBA68CE68F7098E09D2
:1081A800F71DB068C668CE1DC068F70996DFC09590
:1081B8000100DE01C0950100DB01F709F60C3590DE
:1081C800F9FF409DF9FFC04500FFC11568BC770065
:1081D800160BF71D8268703FF70B783F0002F735E2
:1081E80004007C680303C01D683F0201C01D603F96
:1081F8000110000AC41D6868C445FCFFC40CC40C07
:10820800040B04764E10CE45F0FFF709F609CE159B
:108218000D00F709B40CC0950100AA01F71D2C68E0
:108228002E68F71D28682A68F71D26681E68F71D3E
:108238001E681A68F709D414F71D14680E68F71D2C
:1082480010680A68C09501009301F7099A14C0954F
:1082580001008E01C09501000201C0950100770060
:1082680004FDF7091E09F72DE667DE670404F72DFC
:10827800E06780660305C0950100F101C0150100A3
:10828800C11DCC67C145F8FF7710D4673774D06734
:108298003710CA67C01DC267C11DB667C10CC10CC3
:1082A80040E03710B667C01FB267C11DA267577498
:1082B800FDFF7710A067C06D9C6737109A67F71DA0
:1082C8008E678867F71D8A678467C0950100C701B4
:1082D800F709B008F72D786770670404F72D7267FF
:1082E80012660305C0950100BA01F71D74675E3E6A
:1082F800F71D6467523EF70B5A3E0002F71D586798
:10830800463EF71D58674C3EF7090C03C09501001F
:10831800A601F7096E08F72D36672E670404F72DB6
:108328003067D0650305C09501003801C01501000C
:10833800C11D1C67C145F8FF771024673774206793
:108348007709C6110A806A0E87000A00C1FF00007B
:108358000000070001000100070000000000C1FF45
:10836800DF0B7826FD02E6173E05DF15BA093E0544
:10837800C515EC25F70950107709AA0AC88E2C12E2
:10838800F709E8071F0A9A0E9F11620E2A885B8F69
:1083980024885B84C015040037092602A4830D8154
:1083A800FA0968800A81F6017A80DC80FA801A81ED
:1083B8003E815E817E819881D8811720FAFF210352
:1083C800C617620E2A88548F2A88628FDF0B660EC2
:1083D800040277096A0AC88E2C12F709E60F9F155E
:1083E8003E051F0A380EDF0B3A0E0A02DF1502009F
:1083F800980EDF1502006625DF150200220E04899B
:108408008700C0150C002288E61550809F11640E65
:108418005F007EE1FA09E680C01504003709A20171
:10842800BA83F80387007AE5B897CA978010800C5A
:10843800C00AF7094C1CC015020037098401C4831F
:10844800F50387008010800CC00A6611C515AE259B
:10845800F709161B8515C015020037096401D28378
:10846800F10387008010C0E50200001C4A976611DE
:10847800C515AE25F709201B8515C015020037095B
:108488004001E883EF0387008010800CC00A661162
:10849800C515AE25F709201B8515C015020037093B
:1084A8002001FE83F10387008010800CC00A66114A
:1084B800C515AE25F7091E1B8515C015020037091D
:1084C80000011484F10387006611C515AE25FA0969
:1084D800A0818515C01502003709E6002A84F40337
:1084E8008700A881AE81BC811F0A5E0E0301DF15DB
:1084F80002005E0EF51502003C008700350A3C00BC
:108508008700DF5500022CFEC2E502000302DF45AA
:1085180000022CFEC01502003709A6003684F103BC
:1085280087001F0A220E260AC0150C0022880E0A90
:1085380037099A010205DF15FAFF680E1F0A74262B
:1085480024884C86C0150400370976004084EF0360
:108558002A818760EC0106011401F401F301F2019C
:10856800F101F00137096601041C128817201B006D
:1085780018032288C0E53000DA8117200300D7826B
:108588000E0137094801051C128817201B00090332
:108598002288C0E53100CB8117200100C8820E1067
:1085A800D1011288C101C0150C002288F7093CFED0
:1085B8008010F709FA058095F709F4051F0A3A0EA5
:1085C8008700DF15FAFF680E2610F70998008765FF
:1085D800440100010013031C0200C30AF709D40078
:1085E80003131288C00B3B0317201B000C03C0E5C4
:1085F8003000058136030B20F48202102301C06588
:1086080023002F031F011288C0E57E00EA8117208E
:108618000600E786C00C0760050121010A010D016B
:108628001E011D01C3151000F7098800248806875C
:10863800D101C20A0706C2120501820A8B200283F1
:10864800C2150100BB100400FB0A0400000AD40B89
:108658001F0A680EC20CC00B8400C0150800C0E5D4
:108668000500C00AF4011F0A74260213A614831415
:10867800CE60A616CE60C00B0402F7093600248827
:10868800F486F7092E00CE2002022488548481142F
:108698002688CE20020224885784830AF620020006
:1086A800F08796250013021E0400820ADF150200D7
:1086B80074268700C5176826C090F7095218C300AA
:1086C800C090F7093418C3009F0A360E8700C517F3
:1086D80068260095F70938180095F7091C189F0AAD
:1086E800360E8400080004006A0E758489849D840F
:1086F800B184C584D984ED840185020004186C0E08
:1087080015852585040004186E0E35853F85498535
:10871800538508000418700E5D85728587859C85D1
:10872800B185C685DB85F08508000418720E5D8565
:10873800728587859C85B185C685DB85F0850800AF
:108748000418740E5D85728587859C85B185C685FC
:10875800DB85F08508000418760E5D8572858785AF
:108768009C85B185C685DB85F08503000418780EE5
:10877800058614862386020004187A0E32863F8600
:10878800070004027C0E7D868E869F86B086C18691
:10879800D286E3861BA3001BBFA3000C0A201BA4E0
:1087A800F5F3F4E1EEEFF7EBE120F2E5F6E9EDEFB2
:1087B800F71BBFA40031202D20D3C9D3D4C5CDC108
:1087C80020CBCFCDC1CEC4200032202D20C6CFD2A1
:1087D800CDC1D420DCCBD2C1CEC120200033202D86
:1087E80020C3D7C5D420D3C9CDD7CFCCC120202012
:1087F8000034202D20C3D7C5D420DACEC1CBCFCDAD
:10880800C5D3D4C10035202D20C3D7C5D420DCCB97
:10881800D2C1CEC1202020200036202D20C3D7C5AC
:10882800D420CBD5D2D3CFD2C12020200037202DC1
:1088380020D2D5CCCFCE20202020202020202020C0
:108848000038202D20D4C1CACDC5D2202020202018
:10885800202020200031202D2056542D3532202074
:10886800202020200032202D203135E9FC2D303009
:108878002D3031330031202D203830903234003201
:10888800202D2034309032340033202D2032309087
:1088980032340034202D2031309032340031202DF4
:1088A800201BA0301BA1309F9F9F9F1BBFA01BBFF9
:1088B800A10032202D201BA0311BA1319F9F9F9F1B
:1088C8001BBFA01BBFA10033202D201BA0321BA162
:1088D800329F9F9F9F1BBFA01BBFA10034202D204C
:1088E8001BA0331BA1339F9F9F9F1BBFA01BBFA132
:1088F8000035202D201BA0341BA1349F9F9F9F1B58
:10890800BFA01BBFA10036202D201BA0351BA13501
:108918009F9F9F9F1BBFA01BBFA10037202D201B1F
:10892800A0361BA1369F9F9F9F1BBFA01BBFA10006
:1089380038202D201BA0371BA1379F9F9F9F1BBF4F
:10894800A01BBFA10031202D20D0CCC1D7CED9CAC1
:108958002020200032202D20C4C9D3CBD2C5D4CEAC
:10896800D9CA0033202D20D7D9CBCCC0DEC5CE2024
:10897800200031202D20D7CBCCC0DEC5CE20003240
:10898800202D20D7D9CBCCC0DEC5CE001BA4FAE160
:10899800E7F2F5FAEBE11BBFA40A0A19191919192C
:1089A80019191928309133293A20300A1A1A1A1A33
:1089B8001A1A1A1A28312C32293A20310031202D5E
:1089C80020C4C9D3CB202020202020202000322002
:1089D8002D20CBC1D3D3C5D4C120F0FAF520003364
:1089E800202D20D3C5D4D8202020202020202000CE
:1089F80034202D20D3D4D9CB20F33220202020209E
:108A08000035202D20CDC1C7CEC9D4CFC6CFCE20AA
:108A1800200036202D20CFD4CCC1C4CBC1202020AB
:108A280020200037202D20D4C5D3D4C9D2CFD7C118
:108A3800CEC9C5001F1D1F1D1F1D1F1D1F1D1F1D6A
:108A48001F1D1F1D1F003191392C802C81202D20C6
:108A5800D7D9C2CFD220DCCCC5CDC5CED4C10D0A62
:108A680020208320202020202D20D3CCC5C4D5C091
:108A7800DDC9CA20D5D2CFD7C5CED80D0A202082CD
:108A880020202020202D20D0D2C5C4D9C4D5DDC9AE
:108A9800CA20D5D2CFD7C5CED80D0A302C942CE910
:108AA800F3F0202D20D7D9C8CFC40000770968700B
:108AB8007E0EF203DF0BC2FFDF150AFBC000DF15D5
:108AC8008000C200DF154000C0FFDF1560FBD40046
:108AD800DF158000D600DF5501003EFEF70994003F
:108AE800DF1560126016DF159C0E8C0EDF159C0ECC
:108AF8008E0EDF952000910EDF950E00920EDF9509
:108B08000F00930EC115508BC0159C0EC41505009F
:108B1800C215580003105394138A837EC2150001AE
:108B2800439407030481C30AC30C03608B10820AB1
:108B3800F70143940703C30AC30C03604B10D18B9E
:108B4800FE02F701C065B0001D7FF709AA0FDF9587
:108B58000200960E87001F0AC0FFDF8BC0FFFD8052
:108B6800DF8BC2FFFA81DF154000C0FF7709A86FCD
:108B7800A0040C00DF15B0047E0EDF15B004800ED3
:108B8800DF15A004820EDF15A004840EDF15800413
:108B9800860EDF158004880E87000289C767980E45
:108BA80004011F0A980E0089F80136100200870098
:108BB8003F101486DF650200880EDF452000880E0E
:108BC800C767980E8700028987001F0A300E1F8A20
:108BD800970EC767980E870002898700FF8BE2858A
:108BE800F403DF8B970EF502C317820EC0941702A9
:108BF800C3451000DF20840EF902DF97960E970E0A
:108C0800DF0A300EE601C1177E0E4092E703DF0A45
:108C1800300E118AC14508005F107E0E030A02104B
:108C2800368117763C00019C488B801040E0C00CD0
:108C3800C0678C0E00120110C1000603818C0E0261
:108C48000090C00C7800CC89DF0B9A0E1D02C08BF7
:108C58000581172040000287C0D7900EC30B0D0274
:108C6800FF8B5E850302DF951900970EBF90548530
:108C78009F0A840EDF451000840EC117880E11105C
:108C8800C14520005F10880EC30BB202BC01C0179B
:108C98008A0E1C0380A00403C000FE0380A01602F5
:108CA800008AC0001F108A0E000A97A085000603DC
:108CB800C097940E05031F8A940E0201DF00900EE0
:108CC800DF178E0E8C0EC00BD8029D01C245F0FF37
:108CD800C117820E40940603C045F0FF022010031E
:108CE80083109103C1451000C30B02025F10820E6E
:108CF8005F20840EEF02DF950200960E770006FFD4
:108D0800318AFFFF020AC30BF902EC01F689248AB3
:108D18004E8A688A708ADC899C8AE6891F0A220E34
:108D28009F0A380EB301F709DA31DF178E0E8C0E61
:108D38001F0A8A0EAB01FF8B88840403F715010113
:108D48009484A401C1158500DF154C0F8C0EDF003B
:108D5800900EDF008A0E5F908A0ED7A78B0E8700D1
:108D680030039401C097920EDF97930E940EDF00A4
:108D78008A0EDF9586008A0ED7A78B0E870005021C
:108D88001F8A940EDF178E0E8C0E7700ECFEDF150F
:108D9800FC0F8C0EC1158600DF278C0E8E0ED902B3
:108DA800DF159C0E8C0ED501DF15AC108C0EF20170
:108DB800C1158700DF0B8A0E0402DF155C118C0ECB
:108DC800EB01D7278C0E4C0FC203DF8B940E0203E6
:108DD8001F8A940EDF178C0E8E0EBB015F8A6A25E0
:108DE80003032A88A18F02012A889A8F770016FE2A
:108DF800C0176E25DF1580006E25DF150F0E920E49
:108E08002A88D98F0901C0176E251F0A6E25DF151C
:108E18000E0F920E2A88DE8F1F206E250203DF00B8
:108E2800900E8700870040154115C90B0802910A6A
:108E38000401911C9A0E32149A0E0214FA0285004B
:108E480040154115C90B0703110A030172149A0E44
:108E5800D00B0214FB02850040151301DF0B2C1206
:108E68000E03C215C48EC265040083120803C12014
:108E7800FA02C2E5C88E820C32142E120201311495
:108E88009A0E0114EB028500050A0F14191E2328F7
:108E98002C1B3B00000034000037382D094A3132C2
:108EA800334535365B5D00004643554B504E474CC5
:108EB8004400005159574149524F42400000005E5A
:108EC800534D205458002C373031342B7F00002E5E
:108ED8005C56382E323500000D005F485A390D3384
:108EE800360C0A2F3A2D30392D2E23182F480047DB
:108EF8001B7F00531B7E00040005000600080009C4
:108F080000002C1B2B00000024000027282F094AF2
:108F18002122234525265B5D00004643554B504ED4
:108F2800474C4400005159574149524F42400000B4
:108F3800005E534D205458003C373031342A7F00AE
:108F4800003E5C56382E323500000A005F485A3918
:108F58000D33360C0A3F2A3D30292D2E23182F4871
:108F680000471B7F00531B7E000400050006000815
:108F7800000900002C1B3B00000034000037382D8E
:108F880009AA313233A53536BBBD0000A6A3B5AB5F
:108F9800B0AEA7ACA40000B1B9B7A1A9B2AFA2A066
:108FA800000000BEB3AD20B4B8002C373031342BEC
:108FB8007F00002EBCB6382E323500000000BFA856
:108FC800BA390D33360C0A2F3A2D30392D2E231885
:108FD8002F4800361B44003E1B43004A1B41003FFC
:108FE8001B4200490D0A000400050006000800099C
:108FF8000000001B3B000000340000373800090A5D
:109008003132330535361B1D00000603150B100ED3
:10901800070C0400001119170109120F02000000C3
:10902800001E130D201418002C37303134007F0037
:10903800002E1C16382E3235000000001F081A3981
:109048000D33360C0A2F3A2D30392D2E23182F4880
:109058005347003C1B50000C1B5100011B520004DD
:10906800000500060008000900002C1B3B0000005A
:1090780034000037382D094A3132334535365B5DC7
:1090880000004643554B504E474C44000051595739
:109098004149524F42400000005E534D2054580051
:1090A8002C373031342B7F00002E5C56382E323569
:1090B800000000005F485A390D33360C0A2F3A2D4C
:1090C80030392D2E23182F4800471B7F00531B7E55
:1090D8000004000500060008000900009400EA8D5D
:1090E8007E00ED8D6C00F08D7C00F38D4401EA8DDF
:1090F8002E01ED8D1C01F08D2C01F38DA402EA8D5B
:109108008E02F98D7C02F08D8C02F68D5403EA8D67
:109118003E03ED8D2C03F08D3C03F38DA400FC8DF4
:109128005401F98DA202FF8D00001B41001B420073
:109138001B44001B43001B4B001B4A001B48000D2F
:109148000A0094001C007E001D006C001A007C00C0
:109158001900440112002E0116001C0114002C01F4
:109168001300A4021C008E021F007C021A008C024D
:109178000B0054031C003E031D002C031A003C0383
:109188001900A400080054010C00A20215000000F8
:109198009E008E8E8800928E7200968E74009A8E33
:1091A8008A009E8EA000A28E7600A68E8C00AA8EC3
:1091B800A200AE8E7000B28E8600B68E9C00BA8E6B
:1091C8007800BE8E1800C18E0200C48E00001B3FBE
:1091D8004D001B3F6E001B3F70001B3F71001B3F83
:1091E80072001B3F73001B3F74001B3F75001B3F41
:1091F80076001B3F77001B3F78001B3F79001B5010
:10920800001B51001B520000720030007400310036
:109218008A003200A0003300760034008C0035004C
:10922800A200360070003700860038009C00390024
:109238009200328F9E00348FA600368F8E00398FB1
:1092480094003C8F7E003F8F6C00428F7C00458FDE
:109258004401488F2E014B8F1C014E8F2C01518FDA
:109268006600308F7A002E8FA4000C0000007F006B
:1092780020000D000D001B7E001B7F001B80001BC3
:1092880081001B82001B83001B84001B85001B863A
:10929800001B870000202020202000002020F5F35C
:1092A800F400052020202020000520F0ED202000DB
:1092B8000520E3ED2020000A2020202020000A209D
:1092C800E4EBEC20000F2020202020000F20E9EE06
:1092D800F720000FF0EFE4FE2000142020202020CB
:1092E800001420E9F3F5200019202020202000197F
:1092F80020EEF22020001920F3F520200019E7F2D3
:10930800E1E6200019E6E9EBF320001EFAE1E7ECBC
:1093180020001EF3F4F220200023F2F5F30023ECE2
:10932800E1F400007709F06762160F08DF15000006
:1093380016FE1F0A10FE1F0A12FE000AC11508FEBB
:10934800C9150080C2150080C31514FE0B10890AC8
:10935800837EDF15C0FBD000DF158000D200DF550B
:10936800010036FEF7098E00C0150D9FC115621861
:10937800C2150001C3150B00C0601110837EC01513
:1093880032950201311462160114FC02DF15000443
:109398006225DF1500046425DF950C0000047709B9
:1093A8004C0120947025770944016294AE25770911
:1093B8003C01AA94EC2577093401F0942A26DF159C
:1093C800B804BA00C515AE255F1D320070265F1DB2
:1093D8003A0074269F0A360E5F1168265F1D1C002E
:1093E8000EFE5F1D200010FE5F1D200012FE7D9DF9
:1093F800380034008700C2155902C1151C0E5F10D1
:109408001E0E40102110E10B847E77099A00C0FBE4
:1094180008050A0028001F103405DF1530FF3C0539
:1094280077098400008040051E015000DF1530FFD9
:10943800BC097709720030FFC409150000007709DC
:10944800660060D9180ADC00280077095A0030FF46
:10945800880D16000000DF1530FFE40D770948007D
:1094680078FDEC0D0B00280077093C0030FF180E42
:1094780002000000C0150200C11506001F50F604C6
:109488005F50FE041F502E055F503605DF1540055E
:10949800B6095F50BE09DF15E20D5E09DF15E20D62
:1094A800DE0D5F50E60D8700401541154215431546
:1094B8001110C060D10B847E8500476D3C001601F9
:1094C8001F0A7826C0173E05C06520041720B80972
:1094D8000283C0E578043010FEFFDF15E20D5E0957
:1094E800DF1540053E05F5154005180087004015B5
:1094F80041137709180041153914340039142C0028
:109508003914280039142A00850040154115021421
:109518001114827E8500E61574F8E61556929F119F
:109528006A26C6176C26C51768269F0A360E9F0A34
:10953800340EDF0A340E1803C09F66939F0A622513
:10954800DF4580006225C04500FF17202000028605
:10955800C7677C26870017201B000403C00CF80986
:109568006216E70177003C05C76766250201048992
:10957800DE01C0172E0EF015D69112009F116C2631
:10958800C6176A26962577002A66C7676625870064
:1095980004899F0A340EDF0A340EF703DF0B300EFE
:1095A800110387009F0A360EC51768265F1D1C0029
:1095B8000EFE5F1D200010FE5F1D200012FE7D9D27
:1095C80038003400C09FDA929F0A6225DF45800088
:1095D8006225E6155692C04500FF17202000088630
:1095E800DF8B6A25020377002E01C00C7800621613
:1095F80017A03F000283C0576E25C00C011C6218DB
:10960800401D0800C21508FEC31514FE4A13476D15
:109618002E0044940B110A6044940B110A60449480
:109628000B110A6044940B110A6044940B110A60F0
:1096380044940B110A6044940B110A6044940B1172
:109648000A6044940B110A6044940B110A60449414
:109658000B118D0AF50A0E003D024D1D1200751DF5
:1096680004000E00F5652C001A00752D1A0016006E
:109678000302751D14001A004D6F1A00F50A100038
:109688002902476D3C002701B50A1000E6150B00BA
:10969800F5652C001800572D1800B8090302F515B8
:1096A80040051800C017782609030180000B172011
:1096B8000C000C830089C5176826F4011F0A74265C
:1096C800DF1502005C0EFF957F00E492F709540352
:1096D8009F6578268700770034051F0A7426401D89
:1096E8003000F04501000600F04501002A0087001F
:1096F800C0150A0044940B114A6D0800057ECB156D
:10970800FF00A701C0150B0002014A6D0800449430
:10971800440A0B11067E9D01E6150300261026104B
:10972800C0153C00F709D2FE000A0301000A4E8C5E
:10973800408C4E8C408C4E8C408CC0653000F709B4
:10974800B8FEF60A0400F202C0153E00F709AAFEA8
:10975800D60BD6250A000202F709AC04D60B8700FF
:109768001C00C0FBC0FB28000B00280001000B00F8
:1097780028000100000008054C140805080506002B
:109788000600000000000000000000050205FA04C1
:1097980000000805F904F804020000001700002280
:1097A80044661F0000800080500008015000180027
:1097B8001E015000180000004005B809400540058A
:1097C80007000700111111111111111138053A057F
:1097D8003205000040053105300501000700020090
:1097E80002000700070098BADCFE1E0060D960D9A5
:1097F8002800DC0028001400DC0028001400000009
:10980800180A880D180A180A070007001111111103
:1098180011111111C009C209BA090000180AB909C1
:10982800B8090200070002000700170098BADCFE1A
:109838001C0078FD78FD28000B00280001000B00B3
:10984800280001000000EC0D180EEC0DEC0D0600D0
:1098580006000000000000000000E80DEA0DE20D1F
:109868000000EC0DE10DE00D0200000017000022E1
:1098780044660E0090961000969814008E98160074
:10988800FA9918009E961A00DE981C00B08A1E00ED
:10989800C68A24009E9926004C99280008992A0017
:1098A800C8982C0090992E00B8973200AC983400D4
:1098B800969836005A97380046983A008E983E0097
:1098C800FA994A0082977A00E8977C00F6977E001A
:1098D80004988200469884008E988600AC98880088
:1098E80096988A00CA979000B0999200469894007A
:1098F800CC999600FA99A000089AB200969BB400F9
:10990800FE9BB60006980001469802018E98040155
:1099180096980601AC980801CE980A01D4980C01D3
:10992800DE980E01EE9810010499120106991401AF
:10993800089916014C99180190991A019E991C01D1
:10994800AC991E01AE992001B0982201B698240165
:10995800BC982601C2982801B0992A019E962C012C
:10996800CC992E01FA993001C8983201969B34019E
:109978000C9C36010E9C3801109C3A0100003C01F9
:1099880000003E0100004001129C4201369C440147
:10999800649C46019C9C4801BC9C4A01FC9C4C016F
:1099A800329D4E018A9C5001629D5201649D540172
:1099B800669D5601689D6E016A9D7001809D7801C3
:1099C800949D7A019A9D7C01E29D7E01E89D0000AC
:1099D800DF558001CEFFDF151000260E8700661FB9
:1099E8002800661F2A007D1D240028007D1D2400F4
:1099F8002A00F7093C00F709C0FA441D1800351180
:109A08001A000D134D6D1200751D04000E00751D12
:109A18000A001000BD152A00BD1528005F1D3A0078
:109A280074268700411F1A00416D1200C3150B00F0
:109A38000401411D0200431D0C00421D04005F1D6E
:109A4800240010FE5F1D240012FEC41508FE4C10F1
:109A5800C11514FE000AB52008001203A61004015F
:109A680082138CE04C6D080009108C0A837EC87E36
:109A7800D60B5F1D200010FE5F1D200012FE870020
:109A8800C27009108C0AC37EF40100001111222251
:109A9800333344445555666677779F116A26DF1538
:109AA80002007C26C6150002F70986FAC00CF809E0
:109AB80062161F0A7C26C6176A268700801D0200C8
:109AC8000701F7096CFA17A021000702F70962FAE3
:109AD800C045FCFFC00CF8099C978700A497B8976D
:109AE800B897B897F709F2FB1F0A7C26DF091EBB57
:109AF8005F1D3A007426870077095CF39C8DDF159B
:109B0800969872161F0A6C0E870077094AF3028E20
:109B1800DF15B0997216DF1501006C0E870066110B
:109B2800F709A0F8851587007709FAF2508E0C120C
:109B38002A887E8F8700770906F3508E0C122A88B0
:109B4800778F87008700F709E8F9172032000C03A0
:109B580017203F0008030201F709D6F917A0720081
:109B6800FB02F70978FE8700F709C6F91720680095
:109B78000402DF1502009A0E050117206C0002028C
:109B88001F0A9A0E87004DEF1A00F5E52C001A00FF
:109B9800752D1A0014000686751D16001A00F5E5C5
:109BA8002C001A004D6F1A00752D10000A000A02C9
:109BB800476D3C000A01751D1A001800E615F5FFEF
:109BC8007700E0FAB50A10008700770046004DEFED
:109BD8001A0077008EFA752D0E0004000403CD0AD2
:109BE800B50A0E008700F7094400CD01770062FA34
:109BF800F709F8FFC801F709DCFFE901F70986FF53
:109C0800EA01F709C8FFF201F7091200E001000AAA
:109C18007700FC02401D0A00C00A7700F2024D1DC1
:109C280012004D6F1A00751D04000E0087004D1DAF
:109C380004004D6D1200CD0A4D6F1A00F515010094
:109C48000E00870087008700401D0E00C00A16031B
:109C58004113810AE6150B00C31508FEC41514FE4E
:109C680002104B100201CB650200CC0BCB0A0C0A88
:109C7800867E416D0800CE0AF302D60B41130160BF
:109C8800C2150100C3150B007700B2FD401D0E0080
:109C9800C00A170341130160C10AE6150B00C3157A
:109CA80008FEC41514FE02104B100201CBE5020099
:109CB800CC0B8B0A0C0A867E416D0800CE0AF30293
:109CC800D60B4113C2150100C3150B0077006EFDBA
:109CD800F50A1000DFE50B0078267700A8FEB50A24
:109CE8001000DF650B0078267700E2FE870087000A
:109CF800751D18001A004D1D12004D6F1A00751DB4
:109D080004000E00751D0A0010008700F7092A00DC
:109D1800661D1000411D1A000C01C1652C0075203C
:109D280016000202411D140066104112F709FCFCDE
:109D38008115CE0AF202D60B87004113421D0E0090
:109D4800C3150B007700F6FC260AF709E4F726107E
:109D580017A03B00FA02F709D8F7261017A03B0016
:109D6800790317A07C00F702D60BFE02B60CFCFFA5
:109D78000C87C115E29AC21519004014F01560123B
:109D88009A0E857EDF1562126016260AF709A2F779
:109D980017A01B00360317A02F0008038113577064
:109DA8000A00C045F0FF01604E10F0018015172031
:109DB8001900EB82C00AC00C001CE29AF01760166A
:109DC8009A0EF7096CF717A01B001C0317A03B009D
:109DD8001303F7093C00177404002610F70952F71B
:109DE800F7092E0080553F90B67BD7276016581686
:109DF800E8829F0A6016E5013F8AA47B9F0A6016E5
:109E0800C401D60B3F8A987B9F0A6016F70922F790
:109E18008700172041000287C0650900C045F0FF90
:109E2800870008000A000C0010001200B800BA00F1
:109E3800BC00C000C20068016A016C0170017201B7
:109E480018021A021C0220022202C802CA02CC020C
:109E5800D002D202801D0200D60BFE020110C00CF7
:109E6800C0656218261057700900C165621A66102D
:109E7800F709BEF617201B00170317204000F80249
:109E8800BE130200F6650200020077091E000500F5
:109E9800F7099EF6770914000600F70994F61720CB
:109EA8001B00EE02F7098AF696258700E6150800DA
:109EB8006611F7097CF6851517201B000803831D1A
:109EC80004004413800C138C037FCE0AF1027665DC
:109ED8000400D60B8500F70958F6C0E52000058177
:109EE80035200A000286F7092600F70944F6C0E57E
:109EF80020000D81352004000A86751D04000E001F
:109F080035E00E00406F1A00406D12000D108700FA
:109F18004DEF1A00751D0A00100035E0100017708B
:109F28002C00416D1800476D3C0005015720B80909
:109F38000287C1E5780475101A004D628700C015C4
:109F4800089CF7096AEC87001B2F5A0087008700D6
:109F58008700C7677E260301401D1E000401F7091C
:109F6800D0F5C045F8FF1F100EFE751D1C001E0021
:109F780035101C008700C7677E260301401D22009C
:109F88000701F709ACF5C045F8FFC00C001C4A975B
:109F98001F1010FE1F1012FE751D20002200351024
:109FA80020008700C7677E260301401D2600DB01CD
:109FB800F7097EF5C045F8FFC00C001C4A97751DCF
:109FC80024002600351024008700F70964F5C045F1
:109FD800F8FF3D903400351038008700C7677E26AB
:109FE80005011F0A6C252A88858F1801F515F200CE
:109FF8002E009F8A6C252A888C8F8700C7677E264B
:10A0080005011F0A6C252A88858F0801F515DE00D1
:10A018002E009F8A6D252A88938F8700350A2E0087
:10A02800DF8B6C250403F515F4002E000601DF8B89
:10A038006D250303F515E0002E008700F709F2F4FB
:10A04800C0E531000681172003000382C00CF8091F
:10A05800149D87001C9D289D309D309DF51550004E
:10A068000400350A12008700F51528000400F901DC
:10A078008700F709BCF4C0E531000C811720040003
:10A0880009863F9C569D9288379C5A9D9688379C96
:10A098005E9D5E8887000010203001020408502869
:10A0A800140A8700870087008700C7677E26040197
:10A0B800DF5500022CFE8700DF4500022CFE8700DA
:10A0C800178D8000FF957F00E688F70988EA178DCD
:10A0D800000087009F0A3A0E8700C7677E26130193
:10A0E80077095CEDC88E2C121F0A660EC7676825B3
:10A0F80001018700DF451000CEFFDF15267008FE3E
:10A108001F0A0CFE870077091CEDC88E2C129F0AC7
:10A11800660EC767682501018700DF551000CEFF6E
:10A1280087009F0A400E8700DF1502007E26F70988
:10A1380000F417201B00FB03C00CF80962161F0A65
:10A148007E268700801D0200C045F0FF1F10760E96
:10A158003F90CE8787006611C5176826801D0400CA
:10A16800048135101C001F10700E801D060006812A
:10A178001F10720EC00C351C4A972000801D080065
:10A1880006811F10740EC00C351C4A972400F7096D
:10A1980046F285158700F7090400008987003F907B
:10A1A80002879F0A6425DF45800064259F0A340ED4
:10A1B8008700811F0E00F66502000E007709060071
:10A1C800008987004115C01764250401C045800037
:10A1D8009F0A340E5094FA02C00A1F1064258500A5
:10A1E800C5152A2605012B01C767680EC5157025F8
:10A1F8005F1D1C000EFE5F1D200010FE5F1D20006D
:10A2080012FE4D1F1A00751D04000E00811F0E005E
:10A2180040940D6035E00E0004016610F709DAF38A
:10A228008115000A40D4F902C51768265F1D1C0075
:10A238000EFE5F1D200010FE5F1D200012FEF66559
:10A2480002000E00870087008700870087008700CC
:10A2580087008700870087000000000000000000DA
:10A2680000000000000000000000000000000000E6
:10A2780000000000000000000000000000000000D6
:10A2880000000000000000000000000000000000C6
:10A2980000000000000000000000000000000000B6
:10A2A80000000000000000000000000000000000A6
:10A2B8000000000000000000000000000000000096
:10A2C8000000000000000000000000000000000086
:10A2D8000000000000000000000000000000000076
:10A2E8000000000000000000000000000000000066
:10A2F8000000000000000000000000000000000056
:10A308000000000000000000000000000000000045
:10A318000000000000000000000000000000000035
:10A328000000000000000000000000000000000025
:10A338000000000000000000000000000000000015
:10A3480006005250D3F07542942200100600525075
:10A35800E182887F9C22001006005250ABB3605304
:10A36800AC22001006005250BBFF3CB6B4220010CD
:10A3780006005250861C0302BC22001006005250F0
:10A388005422A29DC422001005005250DE65F468D4
:08A3980024A600100D0A0000CC
:08A3A000F87BFF7F01000000C3
:10A3A80048A3001054A3001060A300106CA3001071
:0CA3B80078A3001084A3001090A30010F4
:10A3C4002DE9F04F4FF0000A4FF000454FF0200800
:10A3D40001244FF05049324BDFF8D8E01E68314970
:10A3E4003148324ADFF8D0C0314F06F01F065368B7
:10A3F400DB05FCD4136AD2F804B01BF4007F08BF59
:10A40400D2F824B0D2F830B01BF0010F2DD0146371
:10A41400C3F3072A0AF5807A31F81AB0C3F3074A5E
:10A424000AF5007A31F81AA0DBB231F813304BEA9E
:10A434000A0A4AEA0303C3F3423A0AF5447B31F8B1
:10A444001BB0C3F34B035B4526D20AF5C07B51F81E
:10A454002BB0BAF1040F5BF8233018D04FF0010A87
:10A464005361036853440360C1E7BAF1000FCFD0CE
:10A47400DEF800A00AF1010ACEF800A0CCF8E850FA
:10A48400CCF8E850C7F80080C2F8F060C0E7D9F80B
:10A4940004A01AF4004FE1D04FF0000AA7E700BF70
:10A4A400300D0020F0060020340D00200000205064
:10A4B40000202050280D0020001020504FF0504163
:10A4C4002DE9F0410027044616461D46D1F80080C8
:10A4D40009E02368C3E88F7F8CF31088304629464F
:10A4E40000F07AF8F0B92168EFF3108C72B6D1E875
:10A4F400CF2F0123002AFAD1C1E8423F002AF6D126
:10A50400BFF35F8F94F904E0BEF1000FE1DA00239A
:10A51400226884F80480C2E88F3F8CF310880120FD
:10A52400BDE8F0810020BDE8F08100BF30B50146F0
:10A534000468EFF3108C72B6D4E8CFEF0125BEF1B6
:10A54400000FF9D1C4E84E5FBEF1000FF4D1BFF3A0
:10A554005F8F90F90440002C11DB00210568C5E8E9
:10A564008F1F8CF310884FF0504C9CF900C0A44509
:10A5740001D1084630BDBDE83040FFF79FBF4FF022
:10A584005040006800230A680871C2E88F3F8CF3CA
:10A594001088012030BD00BF0368EFF3108272B64B
:10A5A400D3E8CFCF0121BCF1000FF9D1C3E84C1F90
:10A5B400BCF1000FF4D1BFF35F8F4FF0FF0C002309
:10A5C400016880F804C0C1E88F3F82F3108840BF5F
:10A5D400704700BF000000005FF800F04110001059
:10A5E4001000000000000000000000000000000057
:10A5F40000000000000000006003002000000000D4
:0CA604000000000000000000000000004A
:10A61000D3DEFFFFFE010000FF010000285BFFFF0B
:04A62000793512ABCB
:040000051000014D99
:00000001FF
